id,vehicle_id,timestamp,rpm,speed,engine_load,throttle_pos,coolant_temp,intake_temp,voltage,long_trim,dtc_codes,fuel_level,distance_w_mil,is_synced
1,1,"2026-04-03 21:12:19.439736",696.0,0.0,8.62745098039216,10.9803921568627,85.0,53.0,13.7,-2.34375,,54.5098039215686,0.0,0
2,1,"2026-04-03 21:12:20.167843",695.75,0.0,8.62745098039216,10.9803921568627,,,,,,,,0
3,1,"2026-04-03 21:12:20.886300",699.0,0.0,8.62745098039216,10.9803921568627,,,,,,,,0
4,1,"2026-04-03 21:12:21.642620",696.25,0.0,8.62745098039216,10.9803921568627,,,,,,,,0
5,1,"2026-04-03 21:12:22.386935",702.0,0.0,8.23529411764706,10.9803921568627,,,,,,,,0
6,1,"2026-04-03 21:12:23.097628",686.5,0.0,9.01960784313725,10.9803921568627,,,,,,,,0
7,1,"2026-04-03 21:12:23.915806",695.75,0.0,9.01960784313725,10.9803921568627,,,,,,,,0
8,1,"2026-04-03 21:12:24.640290",705.75,0.0,8.23529411764706,10.9803921568627,,,,,,,,0
9,1,"2026-04-03 21:12:25.362222",697.75,0.0,8.62745098039216,10.9803921568627,,,,,,,,0
10,1,"2026-04-03 21:12:26.101235",696.0,0.0,8.62745098039216,10.9803921568627,,,,,,,,0
11,1,"2026-04-03 21:12:27.073758",696.0,0.0,8.62745098039216,10.9803921568627,86.0,53.0,13.7,-2.34375,,,,0
12,1,"2026-04-03 21:12:27.819558",693.0,0.0,9.01960784313725,10.9803921568627,,,,,,,,0
13,1,"2026-04-03 21:12:28.536502",705.0,0.0,8.23529411764706,10.9803921568627,,,,,,,,0
14,1,"2026-04-03 21:12:29.260276",695.0,0.0,8.62745098039216,10.9803921568627,,,,,,,,0
15,1,"2026-04-03 21:12:29.997443",694.75,0.0,8.23529411764706,10.9803921568627,,,,,,,,0
16,1,"2026-04-03 21:12:30.739949",701.25,0.0,8.23529411764706,10.9803921568627,,,,,,,,0
17,1,"2026-04-03 21:12:31.491470",696.5,0.0,8.62745098039216,10.9803921568627,,,,,,,,0
18,1,"2026-04-03 21:12:32.258290",700.25,0.0,8.62745098039216,10.9803921568627,,,,,,,,0
19,1,"2026-04-03 21:12:32.988215",703.0,0.0,8.23529411764706,10.9803921568627,,,,,,,,0
20,1,"2026-04-03 21:12:33.719004",698.25,0.0,8.23529411764706,10.9803921568627,,,,,,,,0
21,1,"2026-04-03 21:12:34.645273",697.25,0.0,8.62745098039216,10.9803921568627,86.0,53.0,13.6,-2.34375,,,,0
22,1,"2026-04-03 21:12:35.440804",702.75,0.0,8.23529411764706,10.9803921568627,,,,,,,,0
23,1,"2026-04-03 21:12:36.196501",701.25,0.0,8.23529411764706,10.9803921568627,,,,,,,,0
24,1,"2026-04-03 21:12:36.962788",697.25,0.0,8.23529411764706,10.9803921568627,,,,,,,,0
25,1,"2026-04-03 21:12:37.732635",687.75,0.0,8.62745098039216,10.9803921568627,,,,,,,,0
26,1,"2026-04-03 21:12:38.501948",698.25,0.0,8.62745098039216,10.9803921568627,,,,,,,,0
27,1,"2026-04-03 21:12:39.279108",704.5,0.0,8.23529411764706,10.9803921568627,,,,,,,,0
28,1,"2026-04-03 21:12:39.999226",698.5,0.0,8.62745098039216,10.9803921568627,,,,,,,,0
29,1,"2026-04-03 21:12:40.751352",698.25,0.0,8.62745098039216,10.9803921568627,,,,,,,,0
30,1,"2026-04-03 21:12:41.467500",699.5,0.0,8.23529411764706,10.9803921568627,,,,,,,,0
31,1,"2026-04-03 21:12:42.404152",699.25,0.0,8.62745098039216,10.9803921568627,86.0,53.0,13.7,-2.34375,,,,0
32,1,"2026-04-03 21:12:43.161200",699.75,0.0,8.23529411764706,10.9803921568627,,,,,,,,0
33,1,"2026-04-03 21:12:43.916443",697.5,0.0,8.23529411764706,10.9803921568627,,,,,,,,0
34,1,"2026-04-03 21:12:44.676569",700.75,0.0,8.23529411764706,10.9803921568627,,,,,,,,0
35,1,"2026-04-03 21:12:45.408106",694.0,0.0,8.23529411764706,10.9803921568627,,,,,,,,0
36,1,"2026-04-03 21:12:46.160740",698.25,0.0,8.62745098039216,10.9803921568627,,,,,,,,0
37,1,"2026-04-03 21:12:46.904427",695.25,0.0,8.62745098039216,10.9803921568627,,,,,,,,0
38,1,"2026-04-03 21:12:47.670440",700.5,0.0,8.23529411764706,10.9803921568627,,,,,,,,0
39,1,"2026-04-03 21:12:48.421935",696.75,0.0,10.5882352941176,12.156862745098,,,,,,,,0
40,1,"2026-04-03 21:12:49.497149",1430.5,0.0,17.2549019607843,13.7254901960784,,,,,,,,0
41,1,"2026-04-03 21:12:50.379973",1865.75,0.0,14.1176470588235,14.1176470588235,86.0,53.0,13.9,4.6875,,,,0
42,1,"2026-04-03 21:12:51.113985",2139.0,0.0,13.7254901960784,14.1176470588235,,,,,,,,0
43,1,"2026-04-03 21:12:51.873185",2286.25,0.0,13.3333333333333,14.5098039215686,,,,,,,,0
44,1,"2026-04-03 21:12:52.639994",2403.25,0.0,12.9411764705882,14.5098039215686,,,,,,,,0
45,1,"2026-04-03 21:12:53.395304",2483.25,0.0,12.9411764705882,14.5098039215686,,,,,,,,0
46,1,"2026-04-03 21:12:54.159806",2543.5,0.0,12.5490196078431,14.1176470588235,,,,,,,,0
47,1,"2026-04-03 21:12:54.948039",1748.25,0.0,0.0,12.5490196078431,,,,,,,,0
48,1,"2026-04-03 21:12:55.746700",1147.5,0.0,0.0,11.7647058823529,,,,,,,,0
49,1,"2026-04-03 21:12:56.526802",940.5,0.0,4.70588235294118,11.7647058823529,,,,,,,,0
50,1,"2026-04-03 21:12:57.280256",801.0,0.0,4.70588235294118,11.3725490196078,,,,,,,,0
51,1,"2026-04-03 21:12:58.195744",718.25,0.0,6.66666666666667,10.9803921568627,86.0,52.0,13.8,-1.5625,,,,0
52,1,"2026-04-03 21:12:58.938276",705.5,0.0,7.45098039215686,10.9803921568627,,,,,,,,0
53,1,"2026-04-03 21:12:59.671521",689.5,0.0,9.01960784313725,10.9803921568627,,,,,,,,0
54,1,"2026-04-03 21:13:00.421415",691.75,0.0,9.01960784313725,10.9803921568627,,,,,,,,0
55,1,"2026-04-03 21:13:01.159101",696.75,0.0,8.62745098039216,10.9803921568627,,,,,,,,0
56,1,"2026-04-03 21:13:01.892983",698.25,0.0,8.62745098039216,10.9803921568627,,,,,,,,0
57,1,"2026-04-03 21:13:02.638202",693.75,0.0,9.01960784313725,10.9803921568627,,,,,,,,0
58,1,"2026-04-03 21:13:03.385634",690.5,0.0,9.41176470588235,10.9803921568627,,,,,,,,0
59,1,"2026-04-03 21:13:04.124516",700.25,0.0,8.62745098039216,10.9803921568627,,,,,,,,0
60,1,"2026-04-03 21:13:04.875238",701.0,0.0,8.62745098039216,10.9803921568627,,,,,,,,0
61,1,"2026-04-03 21:13:05.917783",698.5,0.0,8.62745098039216,10.9803921568627,87.0,53.0,13.7,-2.34375,,54.5098039215686,0.0,0
62,1,"2026-04-03 21:13:06.674014",695.75,0.0,9.01960784313725,10.9803921568627,,,,,,,,0
63,1,"2026-04-03 21:13:07.423018",705.0,0.0,8.62745098039216,10.9803921568627,,,,,,,,0
64,1,"2026-04-03 21:13:08.156151",690.75,0.0,9.01960784313725,10.9803921568627,,,,,,,,0
65,1,"2026-04-03 21:13:08.893848",696.5,0.0,9.01960784313725,10.9803921568627,,,,,,,,0
66,1,"2026-04-03 21:13:09.627737",704.5,0.0,8.62745098039216,10.9803921568627,,,,,,,,0
67,1,"2026-04-03 21:13:10.388670",696.75,0.0,9.01960784313725,10.9803921568627,,,,,,,,0
68,1,"2026-04-03 21:13:11.136448",696.25,0.0,9.01960784313725,10.9803921568627,,,,,,,,0
69,1,"2026-04-03 21:13:11.933236",698.0,0.0,8.62745098039216,10.9803921568627,,,,,,,,0
70,1,"2026-04-03 21:13:12.692023",698.25,0.0,9.01960784313725,10.9803921568627,,,,,,,,0
71,1,"2026-04-03 21:13:13.595339",697.5,0.0,9.01960784313725,10.9803921568627,87.0,53.0,13.7,-2.34375,,,,0
72,1,"2026-04-03 21:13:14.353279",700.25,0.0,9.01960784313725,10.9803921568627,,,,,,,,0
73,1,"2026-04-03 21:13:15.096547",695.0,0.0,9.01960784313725,10.9803921568627,,,,,,,,0
74,1,"2026-04-03 21:13:15.860131",700.75,0.0,9.01960784313725,10.9803921568627,,,,,,,,0
75,1,"2026-04-03 21:13:16.649827",698.5,0.0,9.01960784313725,10.9803921568627,,,,,,,,0
76,1,"2026-04-03 21:13:17.399460",701.5,0.0,9.01960784313725,10.9803921568627,,,,,,,,0
77,1,"2026-04-03 21:13:18.149174",696.0,0.0,9.01960784313725,10.9803921568627,,,,,,,,0
78,1,"2026-04-03 21:13:18.909741",694.25,0.0,9.41176470588235,10.9803921568627,,,,,,,,0
79,1,"2026-04-03 21:13:19.640478",697.0,0.0,9.01960784313725,10.9803921568627,,,,,,,,0
80,1,"2026-04-03 21:13:20.368871",699.5,0.0,8.62745098039216,10.9803921568627,,,,,,,,0
81,1,"2026-04-03 21:13:21.278208",703.0,0.0,8.62745098039216,10.9803921568627,87.0,54.0,13.7,-2.34375,,,,0
82,1,"2026-04-03 21:13:22.016853",703.0,0.0,9.01960784313725,10.9803921568627,,,,,,,,0
83,1,"2026-04-03 21:13:22.720287",697.75,0.0,9.01960784313725,10.9803921568627,,,,,,,,0
84,1,"2026-04-03 21:13:23.418833",699.5,0.0,9.01960784313725,10.9803921568627,,,,,,,,0
85,1,"2026-04-03 21:13:24.169123",699.5,0.0,9.01960784313725,10.9803921568627,,,,,,,,0
86,1,"2026-04-03 21:13:24.890578",699.75,0.0,9.01960784313725,10.9803921568627,,,,,,,,0
87,1,"2026-04-03 21:13:25.611809",698.0,0.0,9.01960784313725,10.9803921568627,,,,,,,,0
88,1,"2026-04-03 21:13:26.328019",700.5,0.0,9.01960784313725,10.9803921568627,,,,,,,,0
89,1,"2026-04-03 21:13:27.070314",699.75,0.0,9.01960784313725,10.9803921568627,,,,,,,,0
90,1,"2026-04-03 21:13:27.788649",693.25,0.0,9.01960784313725,10.9803921568627,,,,,,,,0
91,1,"2026-04-03 21:13:28.700531",696.25,0.0,9.01960784313725,10.9803921568627,87.0,54.0,13.7,-2.34375,,,,0
92,1,"2026-04-03 21:13:29.436617",699.0,0.0,9.01960784313725,10.9803921568627,,,,,,,,0
93,1,"2026-04-03 21:13:30.169393",703.25,0.0,8.23529411764706,10.9803921568627,,,,,,,,0
94,1,"2026-04-03 21:13:30.930445",702.0,0.0,8.23529411764706,10.9803921568627,,,,,,,,0
95,1,"2026-04-03 21:13:31.642648",698.75,0.0,9.01960784313725,10.9803921568627,,,,,,,,0
96,1,"2026-04-03 21:13:32.379129",697.25,0.0,9.01960784313725,10.9803921568627,,,,,,,,0
97,1,"2026-04-03 21:13:33.112238",697.5,0.0,9.01960784313725,10.9803921568627,,,,,,,,0
98,1,"2026-04-03 21:13:33.859297",698.0,0.0,9.01960784313725,10.9803921568627,,,,,,,,0
99,1,"2026-04-03 21:13:34.581924",699.75,0.0,8.62745098039216,10.9803921568627,,,,,,,,0
100,1,"2026-04-03 21:13:35.340258",704.5,0.0,8.62745098039216,10.9803921568627,,,,,,,,0
101,1,"2026-04-03 21:13:36.267179",704.25,0.0,8.23529411764706,10.9803921568627,88.0,54.0,13.7,-2.34375,,,,0
102,1,"2026-04-03 21:13:36.981711",700.25,0.0,8.23529411764706,10.9803921568627,,,,,,,,0
103,1,"2026-04-03 21:13:37.688092",700.25,0.0,8.62745098039216,10.9803921568627,,,,,,,,0
104,1,"2026-04-03 21:13:38.421736",700.0,0.0,8.23529411764706,10.9803921568627,,,,,,,,0
105,1,"2026-04-03 21:13:39.173968",703.0,0.0,8.62745098039216,10.9803921568627,,,,,,,,0
106,1,"2026-04-03 21:13:39.909921",700.5,0.0,8.23529411764706,10.9803921568627,,,,,,,,0
107,1,"2026-04-03 21:13:40.617694",700.25,0.0,8.62745098039216,10.9803921568627,,,,,,,,0
108,1,"2026-04-03 21:13:41.339624",693.0,0.0,9.01960784313725,10.9803921568627,,,,,,,,0
109,1,"2026-04-03 21:13:42.065309",694.5,0.0,9.01960784313725,10.9803921568627,,,,,,,,0
110,1,"2026-04-03 21:13:42.808273",702.25,0.0,8.23529411764706,10.9803921568627,,,,,,,,0
111,1,"2026-04-03 21:13:43.725385",695.25,0.0,8.62745098039216,10.9803921568627,88.0,54.0,13.7,-2.34375,,,,0
112,1,"2026-04-03 21:13:44.452910",699.75,0.0,8.62745098039216,10.9803921568627,,,,,,,,0
113,1,"2026-04-03 21:13:45.223549",696.5,0.0,8.23529411764706,10.9803921568627,,,,,,,,0
114,1,"2026-04-03 21:13:45.968116",696.75,0.0,8.62745098039216,10.9803921568627,,,,,,,,0
115,1,"2026-04-03 21:13:46.705435",695.5,0.0,8.62745098039216,10.9803921568627,,,,,,,,0
116,1,"2026-04-03 21:13:47.434325",699.5,0.0,8.62745098039216,10.9803921568627,,,,,,,,0
117,1,"2026-04-03 21:13:48.151930",697.5,0.0,8.62745098039216,10.9803921568627,,,,,,,,0
118,1,"2026-04-03 21:13:48.889376",698.25,0.0,8.62745098039216,10.9803921568627,,,,,,,,0
119,1,"2026-04-03 21:13:49.602060",695.0,0.0,9.01960784313725,10.9803921568627,,,,,,,,0
120,1,"2026-04-03 21:13:50.355788",697.5,0.0,8.62745098039216,10.9803921568627,,,,,,,,0
121,1,"2026-04-03 21:13:51.395726",697.25,0.0,8.62745098039216,10.9803921568627,88.0,54.0,13.7,-2.34375,,54.5098039215686,0.0,0
122,1,"2026-04-03 21:13:52.128512",697.25,0.0,9.01960784313725,10.9803921568627,,,,,,,,0
123,1,"2026-04-03 21:13:52.835257",694.25,0.0,9.01960784313725,10.9803921568627,,,,,,,,0
124,1,"2026-04-03 21:13:53.592570",700.25,0.0,8.62745098039216,10.9803921568627,,,,,,,,0
125,1,"2026-04-03 21:13:54.347263",698.25,0.0,8.62745098039216,10.9803921568627,,,,,,,,0
126,1,"2026-04-03 21:13:55.080817",702.0,0.0,8.62745098039216,10.9803921568627,,,,,,,,0
127,1,"2026-04-03 21:13:55.888394",694.5,0.0,8.62745098039216,10.9803921568627,,,,,,,,0
128,1,"2026-04-03 21:13:56.666644",691.0,0.0,9.01960784313725,10.9803921568627,,,,,,,,0
129,1,"2026-04-03 21:13:57.417811",695.0,0.0,8.62745098039216,10.9803921568627,,,,,,,,0
130,1,"2026-04-03 21:13:58.249942",698.5,0.0,8.62745098039216,10.9803921568627,,,,,,,,0
131,1,"2026-04-03 21:13:59.197303",698.75,0.0,8.62745098039216,10.9803921568627,88.0,54.0,13.7,-2.34375,,,,0
132,1,"2026-04-03 21:13:59.939018",697.0,0.0,9.01960784313725,10.9803921568627,,,,,,,,0
133,1,"2026-04-03 21:14:00.661232",701.5,0.0,8.62745098039216,10.9803921568627,,,,,,,,0
134,1,"2026-04-03 21:14:01.420963",700.75,0.0,8.62745098039216,10.9803921568627,,,,,,,,0
135,1,"2026-04-03 21:14:02.156241",696.5,0.0,8.62745098039216,10.9803921568627,,,,,,,,0
136,1,"2026-04-03 21:14:02.901036",702.5,0.0,8.23529411764706,10.9803921568627,,,,,,,,0
137,1,"2026-04-03 21:14:03.670676",693.75,0.0,9.01960784313725,10.9803921568627,,,,,,,,0
138,1,"2026-04-03 21:14:04.414007",694.25,0.0,9.01960784313725,10.9803921568627,,,,,,,,0
139,1,"2026-04-03 21:14:05.187184",700.0,0.0,8.23529411764706,10.9803921568627,,,,,,,,0
140,1,"2026-04-03 21:14:05.948328",701.75,0.0,8.62745098039216,10.9803921568627,,,,,,,,0
141,1,"2026-04-03 21:14:06.893983",700.0,0.0,8.62745098039216,10.9803921568627,89.0,54.0,13.7,-2.34375,,,,0
142,1,"2026-04-03 21:14:07.662264",697.75,0.0,8.62745098039216,10.9803921568627,,,,,,,,0
143,1,"2026-04-03 21:14:08.397737",690.25,0.0,9.01960784313725,10.9803921568627,,,,,,,,0
144,1,"2026-04-03 21:14:09.118397",702.75,0.0,8.62745098039216,10.9803921568627,,,,,,,,0
145,1,"2026-04-03 21:14:09.849672",696.75,0.0,9.01960784313725,10.9803921568627,,,,,,,,0
146,1,"2026-04-03 21:14:10.608421",698.5,0.0,8.62745098039216,10.9803921568627,,,,,,,,0
147,1,"2026-04-03 21:14:11.355690",699.25,0.0,8.62745098039216,10.9803921568627,,,,,,,,0
148,1,"2026-04-03 21:14:12.090056",693.5,0.0,9.01960784313725,10.9803921568627,,,,,,,,0
149,1,"2026-04-03 21:14:12.825258",695.75,0.0,9.01960784313725,10.9803921568627,,,,,,,,0
150,1,"2026-04-03 21:14:13.585664",697.25,0.0,9.01960784313725,10.9803921568627,,,,,,,,0
151,1,"2026-04-03 21:14:14.463031",699.5,0.0,8.62745098039216,10.9803921568627,89.0,54.0,13.7,-2.34375,,,,0
152,1,"2026-04-03 21:14:15.206096",699.0,0.0,8.62745098039216,10.9803921568627,,,,,,,,0
153,1,"2026-04-03 21:14:15.939210",700.25,0.0,8.62745098039216,10.9803921568627,,,,,,,,0
154,1,"2026-04-03 21:14:16.648058",700.75,0.0,8.62745098039216,10.9803921568627,,,,,,,,0
155,1,"2026-04-03 21:14:17.375629",698.0,0.0,9.01960784313725,10.9803921568627,,,,,,,,0
156,1,"2026-04-03 21:14:18.104490",699.0,0.0,9.01960784313725,10.9803921568627,,,,,,,,0
157,1,"2026-04-03 21:14:18.848772",691.5,0.0,9.01960784313725,10.9803921568627,,,,,,,,0
158,1,"2026-04-03 21:14:19.588957",699.25,0.0,9.01960784313725,10.9803921568627,,,,,,,,0
159,1,"2026-04-03 21:14:20.316196",694.75,0.0,9.01960784313725,10.9803921568627,,,,,,,,0
160,1,"2026-04-03 21:14:21.058149",701.75,0.0,8.62745098039216,10.9803921568627,,,,,,,,0
161,1,"2026-04-03 21:14:21.951804",692.5,0.0,9.01960784313725,10.9803921568627,89.0,55.0,13.7,-2.34375,,,,0
162,1,"2026-04-03 21:14:22.714851",699.0,0.0,9.01960784313725,10.9803921568627,,,,,,,,0
163,1,"2026-04-03 21:14:23.449186",698.25,0.0,9.01960784313725,10.9803921568627,,,,,,,,0
164,1,"2026-04-03 21:14:24.204303",696.25,0.0,9.01960784313725,10.9803921568627,,,,,,,,0
165,1,"2026-04-03 21:14:24.929491",703.75,0.0,8.62745098039216,10.9803921568627,,,,,,,,0
166,1,"2026-04-03 21:14:25.691532",698.75,0.0,9.01960784313725,10.9803921568627,,,,,,,,0
167,1,"2026-04-03 21:14:26.430517",699.25,0.0,9.01960784313725,10.9803921568627,,,,,,,,0
168,1,"2026-04-03 21:14:27.204579",697.0,0.0,9.01960784313725,10.9803921568627,,,,,,,,0
169,1,"2026-04-03 21:14:27.951370",701.25,0.0,8.62745098039216,10.9803921568627,,,,,,,,0
170,1,"2026-04-03 21:14:28.705010",704.5,0.0,8.62745098039216,10.9803921568627,,,,,,,,0
171,1,"2026-04-03 21:14:29.599847",698.5,0.0,8.62745098039216,10.9803921568627,89.0,55.0,13.7,-2.34375,,,,0
172,1,"2026-04-03 21:14:30.317448",696.0,0.0,9.01960784313725,10.9803921568627,,,,,,,,0
173,1,"2026-04-03 21:14:31.052775",695.25,0.0,9.01960784313725,10.9803921568627,,,,,,,,0
174,1,"2026-04-03 21:14:31.790875",697.75,0.0,9.01960784313725,10.9803921568627,,,,,,,,0
175,1,"2026-04-03 21:14:32.517146",689.0,0.0,9.41176470588235,10.9803921568627,,,,,,,,0
176,1,"2026-04-03 21:14:33.262719",701.0,0.0,9.01960784313725,10.9803921568627,,,,,,,,0
177,1,"2026-04-03 21:14:33.961460",701.5,0.0,8.62745098039216,10.9803921568627,,,,,,,,0
178,1,"2026-04-03 21:14:34.669409",702.5,0.0,8.62745098039216,10.9803921568627,,,,,,,,0
179,1,"2026-04-03 21:14:35.388486",705.25,0.0,8.62745098039216,10.9803921568627,,,,,,,,0
180,1,"2026-04-03 21:14:36.146185",701.75,0.0,8.62745098039216,10.9803921568627,,,,,,,,0
181,1,"2026-04-03 21:14:37.172741",699.25,0.0,8.62745098039216,10.9803921568627,90.0,55.0,13.7,-2.34375,,54.5098039215686,0.0,0
182,1,"2026-04-03 21:14:37.880866",697.5,0.0,8.62745098039216,10.9803921568627,,,,,,,,0
183,1,"2026-04-03 21:14:38.607987",698.0,0.0,8.23529411764706,10.9803921568627,,,,,,,,0
184,1,"2026-04-03 21:14:39.366990",701.5,0.0,8.62745098039216,10.9803921568627,,,,,,,,0
185,1,"2026-04-03 21:14:40.120394",693.5,0.0,9.01960784313725,10.9803921568627,,,,,,,,0
186,1,"2026-04-03 21:14:40.877731",697.0,0.0,8.62745098039216,10.9803921568627,,,,,,,,0
187,1,"2026-04-03 21:14:41.634673",701.0,0.0,8.62745098039216,10.9803921568627,,,,,,,,0
188,1,"2026-04-03 21:14:42.357352",698.75,0.0,8.62745098039216,10.9803921568627,,,,,,,,0
189,1,"2026-04-03 21:14:43.154279",698.5,0.0,8.62745098039216,10.9803921568627,,,,,,,,0
190,1,"2026-04-03 21:14:43.879484",701.75,0.0,8.23529411764706,10.9803921568627,,,,,,,,0
191,1,"2026-04-03 21:14:44.791819",703.25,0.0,8.23529411764706,10.9803921568627,90.0,55.0,13.7,-2.34375,,,,0
192,1,"2026-04-03 21:14:45.509461",697.5,0.0,8.62745098039216,10.9803921568627,,,,,,,,0
193,1,"2026-04-03 21:14:46.273249",702.75,0.0,8.23529411764706,10.9803921568627,,,,,,,,0
194,1,"2026-04-03 21:14:47.041958",698.0,0.0,8.62745098039216,10.9803921568627,,,,,,,,0
195,1,"2026-04-03 21:14:47.813395",697.75,0.0,8.62745098039216,10.9803921568627,,,,,,,,0
196,1,"2026-04-03 21:14:48.567669",695.0,0.0,8.62745098039216,10.9803921568627,,,,,,,,0
197,1,"2026-04-03 21:14:49.342565",697.0,0.0,8.62745098039216,10.9803921568627,,,,,,,,0
198,1,"2026-04-03 21:14:50.061691",692.5,0.0,9.01960784313725,10.9803921568627,,,,,,,,0
199,1,"2026-04-03 21:14:50.900685",698.75,0.0,8.62745098039216,10.9803921568627,,,,,,,,0
200,1,"2026-04-03 21:14:51.624077",699.5,0.0,8.62745098039216,10.9803921568627,,,,,,,,0
201,1,"2026-04-03 21:14:52.516754",695.75,0.0,9.01960784313725,10.9803921568627,90.0,55.0,13.7,-2.34375,,,,0
202,1,"2026-04-03 21:14:53.259302",694.25,0.0,9.01960784313725,10.9803921568627,,,,,,,,0
203,1,"2026-04-03 21:14:54.045564",699.25,0.0,8.62745098039216,10.9803921568627,,,,,,,,0
204,1,"2026-04-03 21:14:54.804496",691.75,0.0,8.62745098039216,10.9803921568627,,,,,,,,0
205,1,"2026-04-03 21:14:55.558112",703.25,0.0,8.23529411764706,10.9803921568627,,,,,,,,0
206,1,"2026-04-03 21:14:56.317921",697.75,0.0,8.62745098039216,10.9803921568627,,,,,,,,0
207,1,"2026-04-03 21:14:57.066176",699.25,0.0,8.62745098039216,10.9803921568627,,,,,,,,0
208,1,"2026-04-03 21:14:57.823295",695.75,0.0,9.01960784313725,10.9803921568627,,,,,,,,0
209,1,"2026-04-03 21:14:58.595377",705.5,0.0,8.23529411764706,10.9803921568627,,,,,,,,0
210,1,"2026-04-03 21:14:59.336549",696.0,0.0,8.62745098039216,10.9803921568627,,,,,,,,0
211,1,"2026-04-03 21:15:00.234619",703.5,0.0,8.23529411764706,10.9803921568627,90.0,55.0,13.7,-2.34375,,,,0
212,1,"2026-04-03 21:15:00.996357",696.75,0.0,8.62745098039216,10.9803921568627,,,,,,,,0
213,1,"2026-04-03 21:15:01.731872",695.5,0.0,8.62745098039216,10.9803921568627,,,,,,,,0
214,1,"2026-04-03 21:15:02.482538",697.5,0.0,8.62745098039216,10.9803921568627,,,,,,,,0
215,1,"2026-04-03 21:15:03.275353",697.5,0.0,8.62745098039216,10.9803921568627,,,,,,,,0
216,1,"2026-04-03 21:15:03.996676",693.25,0.0,9.01960784313725,10.9803921568627,,,,,,,,0
217,1,"2026-04-03 21:15:04.817764",693.75,0.0,9.01960784313725,10.9803921568627,,,,,,,,0
218,1,"2026-04-03 21:15:05.528370",699.25,0.0,8.62745098039216,10.9803921568627,,,,,,,,0
219,1,"2026-04-03 21:15:06.286888",693.5,0.0,9.01960784313725,10.9803921568627,,,,,,,,0
220,1,"2026-04-03 21:15:07.001857",700.75,0.0,8.62745098039216,10.9803921568627,,,,,,,,0
221,1,"2026-04-03 21:15:07.912483",700.25,0.0,8.62745098039216,10.9803921568627,90.0,55.0,13.7,-2.34375,,,,0
222,1,"2026-04-03 21:15:08.666768",698.5,0.0,8.62745098039216,10.9803921568627,,,,,,,,0
223,1,"2026-04-03 21:15:09.428077",700.0,0.0,8.62745098039216,10.9803921568627,,,,,,,,0
224,1,"2026-04-03 21:15:10.165052",698.25,0.0,8.62745098039216,10.9803921568627,,,,,,,,0
225,1,"2026-04-03 21:15:10.931475",696.25,0.0,8.62745098039216,10.9803921568627,,,,,,,,0
226,1,"2026-04-03 21:15:11.689708",700.25,0.0,8.62745098039216,10.9803921568627,,,,,,,,0
227,1,"2026-04-03 21:15:12.430105",671.25,0.0,10.5882352941176,10.9803921568627,,,,,,,,0
228,1,"2026-04-03 21:15:13.247462",699.75,0.0,9.01960784313725,10.9803921568627,,,,,,,,0
229,1,"2026-04-03 21:15:14.015038",711.5,0.0,8.23529411764706,10.9803921568627,,,,,,,,0
230,1,"2026-04-03 21:15:14.738510",706.0,0.0,8.23529411764706,10.9803921568627,,,,,,,,0
231,1,"2026-04-03 21:15:15.615024",698.75,0.0,8.62745098039216,10.9803921568627,90.0,55.0,13.7,-2.34375,,,,0
232,1,"2026-04-03 21:15:16.381081",706.0,0.0,8.23529411764706,10.9803921568627,,,,,,,,0
233,1,"2026-04-03 21:15:17.123942",704.5,0.0,8.23529411764706,10.9803921568627,,,,,,,,0
234,1,"2026-04-03 21:15:17.849719",705.0,0.0,8.23529411764706,10.9803921568627,,,,,,,,0
235,1,"2026-04-03 21:15:18.581271",699.75,0.0,8.23529411764706,10.9803921568627,,,,,,,,0
236,1,"2026-04-03 21:15:19.347388",703.75,0.0,8.23529411764706,10.9803921568627,,,,,,,,0
237,1,"2026-04-03 21:15:20.108833",698.5,0.0,8.62745098039216,10.9803921568627,,,,,,,,0
238,1,"2026-04-03 21:15:20.878528",700.5,0.0,8.23529411764706,10.9803921568627,,,,,,,,0
239,1,"2026-04-03 21:15:21.626013",699.25,0.0,8.23529411764706,10.9803921568627,,,,,,,,0
240,1,"2026-04-03 21:15:22.361941",702.0,0.0,8.23529411764706,10.9803921568627,,,,,,,,0
241,1,"2026-04-03 21:15:23.438089",697.0,0.0,8.23529411764706,10.9803921568627,91.0,55.0,13.7,-2.34375,,54.5098039215686,0.0,0
242,1,"2026-04-03 21:15:24.176613",681.5,0.0,9.80392156862745,10.9803921568627,,,,,,,,0
243,1,"2026-04-03 21:15:24.942157",675.75,0.0,10.1960784313725,10.9803921568627,,,,,,,,0
244,1,"2026-04-03 21:15:25.702261",695.0,0.0,9.41176470588235,10.9803921568627,,,,,,,,0
245,1,"2026-04-03 21:15:26.448773",695.75,0.0,9.41176470588235,10.9803921568627,,,,,,,,0
246,1,"2026-04-03 21:15:27.222716",702.75,0.0,9.80392156862745,10.9803921568627,,,,,,,,0
247,1,"2026-04-03 21:15:27.960928",695.0,0.0,11.3725490196078,11.7647058823529,,,,,,,,0
248,1,"2026-04-03 21:15:28.704125",716.75,0.0,14.1176470588235,11.7647058823529,,,,,,,,0
249,1,"2026-04-03 21:15:29.424110",666.5,2.0,15.6862745098039,11.3725490196078,,,,,,,,0
250,1,"2026-04-03 21:15:30.130915",692.0,4.0,14.9019607843137,11.7647058823529,,,,,,,,0
251,1,"2026-04-03 21:15:31.044643",716.0,5.0,10.9803921568627,10.9803921568627,91.0,56.0,13.6,-3.125,,,,0
252,1,"2026-04-03 21:15:31.813428",724.25,7.0,9.80392156862745,10.9803921568627,,,,,,,,0
253,1,"2026-04-03 21:15:32.565106",771.25,8.0,16.8627450980392,14.5098039215686,,,,,,,,0
254,1,"2026-04-03 21:15:33.310104",1495.0,11.0,32.156862745098,17.6470588235294,,,,,,,,0
255,1,"2026-04-03 21:15:34.098317",1378.25,13.0,35.6862745098039,19.2156862745098,,,,,,,,0
256,1,"2026-04-03 21:15:34.870155",1556.75,17.0,38.4313725490196,22.7450980392157,,,,,,,,0
257,1,"2026-04-03 21:15:35.605143",1814.25,20.0,46.6666666666667,33.7254901960784,,,,,,,,0
258,1,"2026-04-03 21:15:36.342412",1866.5,25.0,47.843137254902,34.1176470588235,,,,,,,,0
259,1,"2026-04-03 21:15:37.143051",1983.75,29.0,45.4901960784314,24.7058823529412,,,,,,,,0
260,1,"2026-04-03 21:15:37.862200",2228.75,32.0,43.1372549019608,25.8823529411765,,,,,,,,0
261,1,"2026-04-03 21:15:38.807201",1691.5,35.0,44.7058823529412,25.4901960784314,91.0,53.0,13.8,3.90625,,,,0
262,1,"2026-04-03 21:15:39.600702",1690.5,38.0,42.3529411764706,23.5294117647059,,,,,,,,0
263,1,"2026-04-03 21:15:40.368895",1730.5,40.0,43.1372549019608,23.921568627451,,,,,,,,0
264,1,"2026-04-03 21:15:41.141137",1402.25,42.0,0.0,11.3725490196078,,,,,,,,0
265,1,"2026-04-03 21:15:41.878615",1316.0,42.0,0.0,12.156862745098,,,,,,,,0
266,1,"2026-04-03 21:15:42.583673",1297.25,41.0,0.0,12.156862745098,,,,,,,,0
267,1,"2026-04-03 21:15:43.333369",1270.25,40.0,0.0,12.156862745098,,,,,,,,0
268,1,"2026-04-03 21:15:44.110153",1245.0,39.0,0.0,12.156862745098,,,,,,,,0
269,1,"2026-04-03 21:15:44.826936",1151.75,36.0,0.0,12.156862745098,,,,,,,,0
270,1,"2026-04-03 21:15:45.612803",1173.5,32.0,0.0,12.156862745098,,,,,,,,0
271,1,"2026-04-03 21:15:46.548206",1237.75,29.0,0.0,12.156862745098,90.0,52.0,13.8,0.78125,,,,0
272,1,"2026-04-03 21:15:47.295461",1192.0,28.0,6.66666666666667,12.156862745098,,,,,,,,0
273,1,"2026-04-03 21:15:48.096638",1185.0,28.0,14.1176470588235,13.3333333333333,,,,,,,,0
274,1,"2026-04-03 21:15:48.820022",1218.5,28.0,21.9607843137255,14.5098039215686,,,,,,,,0
275,1,"2026-04-03 21:15:49.567187",1259.75,29.0,22.3529411764706,14.9019607843137,,,,,,,,0
276,1,"2026-04-03 21:15:50.314687",1295.0,30.0,21.9607843137255,14.9019607843137,,,,,,,,0
277,1,"2026-04-03 21:15:51.061686",1326.75,31.0,22.7450980392157,15.2941176470588,,,,,,,,0
278,1,"2026-04-03 21:15:51.818345",1368.0,32.0,24.3137254901961,15.2941176470588,,,,,,,,0
279,1,"2026-04-03 21:15:52.531068",1412.25,33.0,27.843137254902,16.4705882352941,,,,,,,,0
280,1,"2026-04-03 21:15:53.259024",1462.75,34.0,27.4509803921569,16.4705882352941,,,,,,,,0
281,1,"2026-04-03 21:15:54.203633",1504.75,35.0,27.843137254902,16.4705882352941,88.0,53.0,13.8,3.90625,,,,0
282,1,"2026-04-03 21:15:54.987713",1549.75,36.0,0.0,12.5490196078431,,,,,,,,0
283,1,"2026-04-03 21:15:55.743398",1525.0,36.0,0.0,12.5490196078431,,,,,,,,0
284,1,"2026-04-03 21:15:56.474472",1486.0,35.0,0.0,12.5490196078431,,,,,,,,0
285,1,"2026-04-03 21:15:57.249809",1399.75,33.0,0.0,12.5490196078431,,,,,,,,0
286,1,"2026-04-03 21:15:57.997406",1234.75,28.0,0.0,12.156862745098,,,,,,,,0
287,1,"2026-04-03 21:15:58.753967",967.0,23.0,0.0,11.3725490196078,,,,,,,,0
288,1,"2026-04-03 21:15:59.532429",813.75,17.0,7.05882352941176,11.3725490196078,,,,,,,,0
289,1,"2026-04-03 21:16:00.293970",628.75,12.0,15.6862745098039,12.156862745098,,,,,,,,0
290,1,"2026-04-03 21:16:01.041876",688.25,9.0,13.3333333333333,10.9803921568627,,,,,,,,0
291,1,"2026-04-03 21:16:02.158469",1463.5,12.0,40.3921568627451,21.9607843137255,88.0,54.0,13.8,3.90625,,,,0
292,1,"2026-04-03 21:16:02.953030",1635.75,17.0,39.6078431372549,22.7450980392157,,,,,,,,0
293,1,"2026-04-03 21:16:03.853873",1757.25,21.0,39.2156862745098,21.9607843137255,,,,,,,,0
294,1,"2026-04-03 21:16:04.668953",1778.75,25.0,40.0,20.3921568627451,,,,,,,,0
295,1,"2026-04-03 21:16:05.396245",1884.0,27.0,33.3333333333333,18.0392156862745,,,,,,,,0
296,1,"2026-04-03 21:16:06.221513",1998.5,29.0,24.7058823529412,17.2549019607843,,,,,,,,0
297,1,"2026-04-03 21:16:07.045938",1422.75,30.0,25.8823529411765,16.4705882352941,,,,,,,,0
298,1,"2026-04-03 21:16:07.791502",1531.25,31.0,26.2745098039216,16.4705882352941,,,,,,,,0
299,1,"2026-04-03 21:16:08.558455",1413.25,33.0,27.0588235294118,13.7254901960784,,,,,,,,0
300,1,"2026-04-03 21:16:09.294922",1399.0,33.0,0.0,12.156862745098,,,,,,,,0
301,1,"2026-04-03 21:16:10.338321",1358.75,32.0,0.0,12.156862745098,88.0,51.0,13.8,3.90625,,54.5098039215686,0.0,0
302,1,"2026-04-03 21:16:11.084436",1296.0,30.0,0.0,12.156862745098,,,,,,,,0
303,1,"2026-04-03 21:16:11.846405",1129.0,26.0,0.0,11.7647058823529,,,,,,,,0
304,1,"2026-04-03 21:16:12.597510",992.5,21.0,0.0,11.3725490196078,,,,,,,,0
305,1,"2026-04-03 21:16:13.404817",723.25,15.0,10.1960784313725,11.7647058823529,,,,,,,,0
306,1,"2026-04-03 21:16:14.162426",694.5,9.0,14.9019607843137,11.7647058823529,,,,,,,,0
307,1,"2026-04-03 21:16:14.911106",723.0,7.0,9.80392156862745,10.9803921568627,,,,,,,,0
308,1,"2026-04-03 21:16:15.653818",710.25,6.0,7.45098039215686,10.9803921568627,,,,,,,,0
309,1,"2026-04-03 21:16:16.387544",673.5,5.0,12.9411764705882,12.156862745098,,,,,,,,0
310,1,"2026-04-03 21:16:17.128319",714.75,5.0,25.8823529411765,17.6470588235294,,,,,,,,0
311,1,"2026-04-03 21:16:18.004858",1463.0,10.0,35.2941176470588,18.8235294117647,87.0,53.0,13.7,3.90625,,,,0
312,1,"2026-04-03 21:16:18.756931",1498.5,15.0,33.3333333333333,19.6078431372549,,,,,,,,0
313,1,"2026-04-03 21:16:19.482586",1644.5,18.0,38.8235294117647,21.9607843137255,,,,,,,,0
314,1,"2026-04-03 21:16:20.224397",1773.5,22.0,41.9607843137255,24.3137254901961,,,,,,,,0
315,1,"2026-04-03 21:16:20.924676",1848.75,25.0,49.0196078431373,36.4705882352941,,,,,,,,0
316,1,"2026-04-03 21:16:21.633929",1972.5,29.0,51.7647058823529,59.2156862745098,,,,,,,,0
317,1,"2026-04-03 21:16:22.364323",2237.25,33.0,53.7254901960784,85.8823529411765,,,,,,,,0
318,1,"2026-04-03 21:16:23.132908",1785.0,36.0,61.5686274509804,85.8823529411765,,,,,,,,0
319,1,"2026-04-03 21:16:23.846428",1799.75,39.0,61.1764705882353,85.8823529411765,,,,,,,,0
320,1,"2026-04-03 21:16:24.603032",1800.75,42.0,64.7058823529412,85.8823529411765,,,,,,,,0
321,1,"2026-04-03 21:16:25.526224",1854.75,45.0,55.2941176470588,85.8823529411765,88.0,47.0,13.8,3.90625,,,,0
322,1,"2026-04-03 21:16:26.323912",1577.75,48.0,44.3137254901961,22.3529411764706,,,,,,,,0
323,1,"2026-04-03 21:16:27.358778",1567.0,50.0,37.6470588235294,12.9411764705882,,,,,,,,0
324,1,"2026-04-03 21:16:28.089128",1567.25,49.0,0.0,12.156862745098,,,,,,,,0
325,1,"2026-04-03 21:16:28.843480",1508.25,48.0,0.0,12.156862745098,,,,,,,,0
326,1,"2026-04-03 21:16:29.606164",1456.5,46.0,0.0,12.156862745098,,,,,,,,0
327,1,"2026-04-03 21:16:30.337668",1386.0,45.0,0.0,12.156862745098,,,,,,,,0
328,1,"2026-04-03 21:16:31.063535",1334.0,42.0,0.0,12.156862745098,,,,,,,,0
329,1,"2026-04-03 21:16:31.825957",1192.5,37.0,0.0,11.7647058823529,,,,,,,,0
330,1,"2026-04-03 21:16:32.622536",1041.75,32.0,0.0,11.7647058823529,,,,,,,,0
331,1,"2026-04-03 21:16:33.557252",1187.25,28.0,0.0,11.7647058823529,87.0,48.0,13.8,-0.78125,,,,0
332,1,"2026-04-03 21:16:34.299251",1015.75,24.0,0.0,11.7647058823529,,,,,,,,0
333,1,"2026-04-03 21:16:35.039542",905.5,20.0,0.0,11.3725490196078,,,,,,,,0
334,1,"2026-04-03 21:16:35.793814",717.0,15.0,10.5882352941176,11.7647058823529,,,,,,,,0
335,1,"2026-04-03 21:16:36.557155",697.5,10.0,14.9019607843137,11.3725490196078,,,,,,,,0
336,1,"2026-04-03 21:16:37.314919",710.25,4.0,14.1176470588235,11.3725490196078,,,,,,,,0
337,1,"2026-04-03 21:16:38.059946",695.25,3.0,14.9019607843137,10.9803921568627,,,,,,,,0
338,1,"2026-04-03 21:16:38.814511",674.25,3.0,14.5098039215686,11.3725490196078,,,,,,,,0
339,1,"2026-04-03 21:16:39.585944",687.75,4.0,14.5098039215686,11.3725490196078,,,,,,,,0
340,1,"2026-04-03 21:16:40.336880",699.75,5.0,13.3333333333333,11.3725490196078,,,,,,,,0
341,1,"2026-04-03 21:16:41.273361",693.0,4.0,14.1176470588235,11.3725490196078,87.0,51.0,13.4,-0.78125,,,,0
342,1,"2026-04-03 21:16:42.002406",667.0,3.0,15.6862745098039,11.3725490196078,,,,,,,,0
343,1,"2026-04-03 21:16:42.759326",676.0,2.0,14.9019607843137,11.3725490196078,,,,,,,,0
344,1,"2026-04-03 21:16:43.502546",697.75,0.0,13.3333333333333,11.7647058823529,,,,,,,,0
345,1,"2026-04-03 21:16:44.248904",675.0,2.0,16.4705882352941,13.3333333333333,,,,,,,,0
346,1,"2026-04-03 21:16:44.987889",1302.75,5.0,31.7647058823529,18.8235294117647,,,,,,,,0
347,1,"2026-04-03 21:16:45.858179",1689.0,12.0,47.843137254902,34.9019607843137,,,,,,,,0
348,1,"2026-04-03 21:16:46.561698",1823.25,18.0,52.9411764705882,85.8823529411765,,,,,,,,0
349,1,"2026-04-03 21:16:47.289900",2013.5,23.0,58.8235294117647,85.8823529411765,,,,,,,,0
350,1,"2026-04-03 21:16:48.060173",2304.25,28.0,75.6862745098039,85.8823529411765,,,,,,,,0
351,1,"2026-04-03 21:16:48.946907",2632.75,34.0,81.9607843137255,85.8823529411765,87.0,48.0,13.6,3.90625,,,,0
352,1,"2026-04-03 21:16:49.733653",3183.25,42.0,89.8039215686274,85.8823529411765,,,,,,,,0
353,1,"2026-04-03 21:16:50.461537",3674.25,49.0,91.3725490196078,85.8823529411765,,,,,,,,0
354,1,"2026-04-03 21:16:51.244961",4123.25,56.0,89.0196078431373,85.8823529411765,,,,,,,,0
355,1,"2026-04-03 21:16:51.973719",4630.0,64.0,88.6274509803922,85.8823529411765,,,,,,,,0
356,1,"2026-04-03 21:16:52.734109",4137.5,69.0,57.2549019607843,85.8823529411765,,,,,,,,0
357,1,"2026-04-03 21:16:53.447527",3414.5,73.0,87.843137254902,85.8823529411765,,,,,,,,0
358,1,"2026-04-03 21:16:54.173507",3336.0,76.0,32.156862745098,18.8235294117647,,,,,,,,0
359,1,"2026-04-03 21:16:54.961796",2358.0,76.0,0.0,13.3333333333333,,,,,,,,0
360,1,"2026-04-03 21:16:55.738219",1991.75,74.0,0.0,12.5490196078431,,,,,,,,0
361,1,"2026-04-03 21:16:56.810070",1537.5,71.0,0.0,11.7647058823529,90.0,42.0,13.6,3.90625,,52.5490196078431,0.0,0
362,1,"2026-04-03 21:16:57.566662",1626.75,69.0,11.3725490196078,16.4705882352941,,,,,,,,0
363,1,"2026-04-03 21:16:58.312919",1617.25,69.0,54.5098039215686,85.8823529411765,,,,,,,,0
364,1,"2026-04-03 21:16:59.063025",1635.0,70.0,63.921568627451,85.8823529411765,,,,,,,,0
365,1,"2026-04-03 21:16:59.828005",1669.75,71.0,69.0196078431373,85.8823529411765,,,,,,,,0
366,1,"2026-04-03 21:17:00.562478",1698.5,73.0,74.5098039215686,85.8823529411765,,,,,,,,0
367,1,"2026-04-03 21:17:01.280178",1727.5,74.0,78.0392156862745,85.8823529411765,,,,,,,,0
368,1,"2026-04-03 21:17:02.049958",1787.75,76.0,75.6862745098039,85.8823529411765,,,,,,,,0
369,1,"2026-04-03 21:17:02.782391",1818.0,78.0,76.078431372549,85.8823529411765,,,,,,,,0
370,1,"2026-04-03 21:17:03.507481",1818.75,79.0,0.0,11.3725490196078,,,,,,,,0
371,1,"2026-04-03 21:17:04.413004",1815.5,78.0,0.0,12.5490196078431,89.0,43.0,13.7,3.90625,,,,0
372,1,"2026-04-03 21:17:05.194859",1406.0,76.0,0.0,11.7647058823529,,,,,,,,0
373,1,"2026-04-03 21:17:05.973383",1390.25,75.0,0.0,11.7647058823529,,,,,,,,0
374,1,"2026-04-03 21:17:06.708907",1335.75,72.0,0.0,11.7647058823529,,,,,,,,0
375,1,"2026-04-03 21:17:07.457614",1266.75,68.0,0.0,11.7647058823529,,,,,,,,0
376,1,"2026-04-03 21:17:08.187859",1193.5,64.0,0.0,11.7647058823529,,,,,,,,0
377,1,"2026-04-03 21:17:08.942866",1105.0,59.0,0.0,11.7647058823529,,,,,,,,0
378,1,"2026-04-03 21:17:09.666480",1050.0,54.0,0.0,11.7647058823529,,,,,,,,0
379,1,"2026-04-03 21:17:10.679756",1121.0,48.0,0.0,11.7647058823529,,,,,,,,0
380,1,"2026-04-03 21:17:11.405339",1164.25,44.0,0.0,11.7647058823529,,,,,,,,0
381,1,"2026-04-03 21:17:12.342849",1253.5,40.0,0.0,11.7647058823529,88.0,47.0,13.6,1.5625,,,,0
382,1,"2026-04-03 21:17:13.097845",1179.75,37.0,0.0,11.7647058823529,,,,,,,,0
383,1,"2026-04-03 21:17:13.811138",1104.25,35.0,0.0,11.7647058823529,,,,,,,,0
384,1,"2026-04-03 21:17:14.513978",1255.25,31.0,0.0,11.7647058823529,,,,,,,,0
385,1,"2026-04-03 21:17:15.243382",1177.0,27.0,0.0,11.7647058823529,,,,,,,,0
386,1,"2026-04-03 21:17:15.981199",954.75,21.0,0.0,11.3725490196078,,,,,,,,0
387,1,"2026-04-03 21:17:16.701607",766.75,14.0,18.0392156862745,12.156862745098,,,,,,,,0
388,1,"2026-04-03 21:17:17.482220",764.75,6.0,19.2156862745098,12.5490196078431,,,,,,,,0
389,1,"2026-04-03 21:17:18.219623",802.25,1.0,17.6470588235294,12.5490196078431,,,,,,,,0
390,1,"2026-04-03 21:17:18.941506",805.5,1.0,18.0392156862745,12.5490196078431,,,,,,,,0
391,1,"2026-04-03 21:17:19.878435",1244.75,3.0,32.5490196078431,20.3921568627451,88.0,50.0,13.7,3.90625,,,,0
392,1,"2026-04-03 21:17:20.673447",1712.25,11.0,45.8823529411765,28.6274509803922,,,,,,,,0
393,1,"2026-04-03 21:17:21.408968",2054.75,16.0,31.7647058823529,22.3529411764706,,,,,,,,0
394,1,"2026-04-03 21:17:22.155427",1698.25,19.0,48.6274509803922,44.3137254901961,,,,,,,,0
395,1,"2026-04-03 21:17:22.906435",1814.25,24.0,52.156862745098,85.8823529411765,,,,,,,,0
396,1,"2026-04-03 21:17:23.632684",2299.0,28.0,70.1960784313726,85.8823529411765,,,,,,,,0
397,1,"2026-04-03 21:17:24.382834",2730.75,35.0,88.2352941176471,85.8823529411765,,,,,,,,0
398,1,"2026-04-03 21:17:25.136664",3219.0,42.0,91.7647058823529,85.8823529411765,,,,,,,,0
399,1,"2026-04-03 21:17:25.857736",3789.75,51.0,91.3725490196078,85.8823529411765,,,,,,,,0
400,1,"2026-04-03 21:17:26.617131",4306.75,59.0,90.5882352941177,85.8823529411765,,,,,,,,0
401,1,"2026-04-03 21:17:27.538753",4813.5,67.0,91.7647058823529,85.8823529411765,91.0,46.0,13.6,3.90625,,,,0
402,1,"2026-04-03 21:17:28.269096",5357.75,75.0,92.5490196078431,85.8823529411765,,,,,,,,0
403,1,"2026-04-03 21:17:28.994570",5726.5,80.0,90.5882352941177,85.8823529411765,,,,,,,,0
404,1,"2026-04-03 21:17:29.709741",5564.0,85.0,40.3921568627451,85.8823529411765,,,,,,,,0
405,1,"2026-04-03 21:17:30.460198",4000.5,89.0,78.4313725490196,85.8823529411765,,,,,,,,0
406,1,"2026-04-03 21:17:31.178564",4163.25,93.0,87.0588235294118,85.8823529411765,,,,,,,,0
407,1,"2026-04-03 21:17:31.913024",4201.0,97.0,86.2745098039216,85.8823529411765,,,,,,,,0
408,1,"2026-04-03 21:17:32.661924",4308.75,101.0,91.3725490196078,85.8823529411765,,,,,,,,0
409,1,"2026-04-03 21:17:33.403076",4501.25,105.0,90.1960784313726,85.8823529411765,,,,,,,,0
410,1,"2026-04-03 21:17:34.183491",4690.25,110.0,91.3725490196078,85.8823529411765,,,,,,,,0
411,1,"2026-04-03 21:17:35.091575",4868.5,114.0,89.4117647058823,85.8823529411765,93.0,47.0,13.6,3.90625,,,,0
412,1,"2026-04-03 21:17:35.816571",5094.0,119.0,92.156862745098,85.8823529411765,,,,,,,,0
413,1,"2026-04-03 21:17:36.541757",5229.25,122.0,92.5490196078431,85.8823529411765,,,,,,,,0
414,1,"2026-04-03 21:17:37.306605",5378.25,126.0,89.4117647058823,85.8823529411765,,,,,,,,0
415,1,"2026-04-03 21:17:38.017755",5336.25,126.0,0.0,16.8627450980392,,,,,,,,0
416,1,"2026-04-03 21:17:38.740840",4161.25,125.0,0.0,15.6862745098039,,,,,,,,0
417,1,"2026-04-03 21:17:39.481056",3758.75,119.0,0.0,15.6862745098039,,,,,,,,0
418,1,"2026-04-03 21:17:40.236759",3226.75,111.0,0.0,14.5098039215686,,,,,,,,0
419,1,"2026-04-03 21:17:40.971459",2708.75,105.0,0.0,13.7254901960784,,,,,,,,0
420,1,"2026-04-03 21:17:41.677838",2331.25,99.0,0.0,13.3333333333333,,,,,,,,0
421,1,"2026-04-03 21:17:42.704152",2200.5,94.0,0.0,12.9411764705882,93.0,48.0,13.6,3.90625,,52.5490196078431,0.0,0
422,1,"2026-04-03 21:17:43.451129",1695.5,91.0,0.0,12.156862745098,,,,,,,,0
423,1,"2026-04-03 21:17:44.221893",1665.5,90.0,0.0,12.5490196078431,,,,,,,,0
424,1,"2026-04-03 21:17:44.933282",1659.25,90.0,0.0,12.5490196078431,,,,,,,,0
425,1,"2026-04-03 21:17:45.684471",1652.5,89.0,0.0,12.5490196078431,,,,,,,,0
426,1,"2026-04-03 21:17:46.435310",1638.0,88.0,0.0,12.5490196078431,,,,,,,,0
427,1,"2026-04-03 21:17:47.154923",1598.5,86.0,0.0,12.5490196078431,,,,,,,,0
428,1,"2026-04-03 21:17:47.879958",1513.25,81.0,0.0,12.156862745098,,,,,,,,0
429,1,"2026-04-03 21:17:48.940559",1342.25,72.0,0.0,12.156862745098,,,,,,,,0
430,1,"2026-04-03 21:17:49.711183",1212.5,65.0,0.0,11.7647058823529,,,,,,,,0
431,1,"2026-04-03 21:17:50.674130",1054.75,55.0,0.0,11.7647058823529,88.0,50.0,13.3,-3.125,,,,0
432,1,"2026-04-03 21:17:51.378912",1097.75,46.0,0.0,11.7647058823529,,,,,,,,0
433,1,"2026-04-03 21:17:52.139063",1117.75,42.0,0.0,11.7647058823529,,,,,,,,0
434,1,"2026-04-03 21:17:52.878254",1238.25,39.0,0.0,11.7647058823529,,,,,,,,0
435,1,"2026-04-03 21:17:53.613177",1221.0,39.0,0.0,11.7647058823529,,,,,,,,0
436,1,"2026-04-03 21:17:54.347990",1277.0,38.0,14.5098039215686,15.2941176470588,,,,,,,,0
437,1,"2026-04-03 21:17:55.083126",1875.0,39.0,43.1372549019608,21.1764705882353,,,,,,,,0
438,1,"2026-04-03 21:17:55.818155",1838.75,41.0,48.2352941176471,86.2745098039216,,,,,,,,0
439,1,"2026-04-03 21:17:56.553815",1788.25,42.0,54.9019607843137,85.8823529411765,,,,,,,,0
440,1,"2026-04-03 21:17:57.335299",1943.25,46.0,69.4117647058823,85.8823529411765,,,,,,,,0
441,1,"2026-04-03 21:17:58.244103",2119.75,50.0,75.2941176470588,85.8823529411765,85.0,49.0,13.5,3.90625,,,,0
442,1,"2026-04-03 21:17:59.002263",1611.25,51.0,0.0,12.156862745098,,,,,,,,0
443,1,"2026-04-03 21:17:59.738494",1585.25,51.0,0.0,12.156862745098,,,,,,,,0
444,1,"2026-04-03 21:18:00.456220",1520.25,48.0,0.0,12.156862745098,,,,,,,,0
445,1,"2026-04-03 21:18:01.203374",1361.0,43.0,0.0,11.7647058823529,,,,,,,,0
446,1,"2026-04-03 21:18:01.921146",1234.25,39.0,0.0,11.7647058823529,,,,,,,,0
447,1,"2026-04-03 21:18:02.629464",1238.5,38.0,12.9411764705882,14.9019607843137,,,,,,,,0
448,1,"2026-04-03 21:18:03.386788",1234.0,39.0,43.921568627451,73.3333333333333,,,,,,,,0
449,1,"2026-04-03 21:18:04.272208",1298.0,41.0,58.4313725490196,76.8627450980392,,,,,,,,0
450,1,"2026-04-03 21:18:05.007423",1836.75,42.0,64.3137254901961,85.8823529411765,,,,,,,,0
451,1,"2026-04-03 21:18:05.915745",2230.5,44.0,77.2549019607843,85.8823529411765,85.0,48.0,13.3,3.90625,,,,0
452,1,"2026-04-03 21:18:06.646508",2655.0,48.0,89.4117647058823,85.8823529411765,,,,,,,,0
453,1,"2026-04-03 21:18:07.380151",2761.5,53.0,92.9411764705882,85.8823529411765,,,,,,,,0
454,1,"2026-04-03 21:18:08.145014",2904.25,58.0,95.2941176470588,85.8823529411765,,,,,,,,0
455,1,"2026-04-03 21:18:08.900449",3034.5,63.0,94.9019607843137,85.8823529411765,,,,,,,,0
456,1,"2026-04-03 21:18:09.675881",3217.75,67.0,94.9019607843137,85.8823529411765,,,,,,,,0
457,1,"2026-04-03 21:18:10.391762",3393.25,72.0,96.4705882352941,85.8823529411765,,,,,,,,0
458,1,"2026-04-03 21:18:11.118780",3572.5,76.0,94.5098039215686,85.8823529411765,,,,,,,,0
459,1,"2026-04-03 21:18:11.851497",3667.25,81.0,90.1960784313726,85.8823529411765,,,,,,,,0
460,1,"2026-04-03 21:18:12.586974",3637.25,85.0,95.2941176470588,85.8823529411765,,,,,,,,0
461,1,"2026-04-03 21:18:13.477108",3797.25,89.0,91.7647058823529,85.8823529411765,85.0,44.0,13.2,3.90625,,,,0
462,1,"2026-04-03 21:18:14.260204",3987.25,93.0,89.4117647058823,85.8823529411765,,,,,,,,0
463,1,"2026-04-03 21:18:14.997910",4132.5,97.0,85.8823529411765,85.8823529411765,,,,,,,,0
464,1,"2026-04-03 21:18:15.813030",4278.25,100.0,95.2941176470588,85.8823529411765,,,,,,,,0
465,1,"2026-04-03 21:18:16.544160",4449.25,104.0,94.1176470588235,85.8823529411765,,,,,,,,0
466,1,"2026-04-03 21:18:17.285719",4606.5,108.0,93.7254901960784,85.8823529411765,,,,,,,,0
467,1,"2026-04-03 21:18:18.019749",4769.0,112.0,84.7058823529412,85.8823529411765,,,,,,,,0
468,1,"2026-04-03 21:18:18.752245",4923.5,115.0,95.2941176470588,85.8823529411765,,,,,,,,0
469,1,"2026-04-03 21:18:19.506343",5077.0,119.0,94.9019607843137,86.2745098039216,,,,,,,,0
470,1,"2026-04-03 21:18:20.223246",5196.25,121.0,83.1372549019608,85.8823529411765,,,,,,,,0
471,1,"2026-04-03 21:18:21.088286",3922.25,124.0,89.8039215686274,85.8823529411765,88.0,45.0,13.4,3.90625,,,,0
472,1,"2026-04-03 21:18:21.823996",4001.25,127.0,77.2549019607843,85.8823529411765,,,,,,,,0
473,1,"2026-04-03 21:18:22.537025",3068.25,127.0,0.0,14.1176470588235,,,,,,,,0
474,1,"2026-04-03 21:18:23.249392",2929.25,125.0,0.0,14.1176470588235,,,,,,,,0
475,1,"2026-04-03 21:18:23.966520",2623.25,123.0,0.0,13.7254901960784,,,,,,,,0
476,1,"2026-04-03 21:18:24.729694",2224.75,121.0,0.0,13.3333333333333,,,,,,,,0
477,1,"2026-04-03 21:18:25.723081",2184.5,118.0,0.0,13.3333333333333,,,,,,,,0
478,1,"2026-04-03 21:18:26.425542",2146.75,116.0,0.0,12.9411764705882,,,,,,,,0
479,1,"2026-04-03 21:18:27.173900",2107.75,115.0,10.9803921568627,16.4705882352941,,,,,,,,0
480,1,"2026-04-03 21:18:27.935907",2107.25,114.0,53.7254901960784,85.8823529411765,,,,,,,,0
481,1,"2026-04-03 21:18:28.967155",2112.25,114.0,60.7843137254902,85.8823529411765,88.0,47.0,13.3,3.90625,,52.5490196078431,0.0,0
482,1,"2026-04-03 21:18:29.678309",2115.75,114.0,61.5686274509804,85.8823529411765,,,,,,,,0
483,1,"2026-04-03 21:18:30.405455",2095.75,114.0,0.0,12.9411764705882,,,,,,,,0
484,1,"2026-04-03 21:18:31.179412",2090.0,113.0,11.3725490196078,14.1176470588235,,,,,,,,0
485,1,"2026-04-03 21:18:31.929186",2078.5,112.0,18.8235294117647,16.078431372549,,,,,,,,0
486,1,"2026-04-03 21:18:32.674663",2064.5,112.0,20.3921568627451,16.078431372549,,,,,,,,0
487,1,"2026-04-03 21:18:33.439079",2050.0,111.0,0.0,13.3333333333333,,,,,,,,0
488,1,"2026-04-03 21:18:34.205093",2030.0,110.0,0.0,12.9411764705882,,,,,,,,0
489,1,"2026-04-03 21:18:34.945889",2009.25,109.0,10.1960784313725,13.3333333333333,,,,,,,,0
490,1,"2026-04-03 21:18:35.693493",1997.0,108.0,18.8235294117647,15.6862745098039,,,,,,,,0
491,1,"2026-04-03 21:18:36.650617",1985.75,107.0,19.2156862745098,15.6862745098039,84.0,48.0,13.3,3.90625,,,,0
492,1,"2026-04-03 21:18:37.403980",1972.75,107.0,18.0392156862745,12.9411764705882,,,,,,,,0
493,1,"2026-04-03 21:18:38.135875",1941.75,105.0,0.0,12.9411764705882,,,,,,,,0
494,1,"2026-04-03 21:18:38.854809",1926.25,104.0,6.66666666666667,12.9411764705882,,,,,,,,0
495,1,"2026-04-03 21:18:39.604136",1925.25,103.0,15.6862745098039,18.4313725490196,,,,,,,,0
496,1,"2026-04-03 21:18:40.349957",1896.5,102.0,38.0392156862745,21.1764705882353,,,,,,,,0
497,1,"2026-04-03 21:18:41.077975",1896.75,102.0,38.0392156862745,21.5686274509804,,,,,,,,0
498,1,"2026-04-03 21:18:41.846727",1895.0,102.0,38.8235294117647,21.9607843137255,,,,,,,,0
499,1,"2026-04-03 21:18:42.654278",1888.25,102.0,43.1372549019608,21.1764705882353,,,,,,,,0
500,1,"2026-04-03 21:18:43.399396",1882.25,102.0,39.2156862745098,21.1764705882353,,,,,,,,0
501,1,"2026-04-03 21:18:44.349409",1879.0,102.0,37.6470588235294,21.1764705882353,82.0,49.0,13.4,3.90625,,,,0
502,1,"2026-04-03 21:18:45.088428",1872.25,101.0,38.0392156862745,21.1764705882353,,,,,,,,0
503,1,"2026-04-03 21:18:45.880626",1871.0,101.0,41.1764705882353,21.1764705882353,,,,,,,,0
504,1,"2026-04-03 21:18:46.635944",1869.25,101.0,40.7843137254902,21.1764705882353,,,,,,,,0
505,1,"2026-04-03 21:18:47.368712",1865.75,101.0,41.1764705882353,21.1764705882353,,,,,,,,0
506,1,"2026-04-03 21:18:48.110368",1859.0,100.0,41.1764705882353,21.1764705882353,,,,,,,,0
507,1,"2026-04-03 21:18:48.838187",1859.75,101.0,41.1764705882353,21.1764705882353,,,,,,,,0
508,1,"2026-04-03 21:18:49.574025",1854.0,100.0,38.4313725490196,21.1764705882353,,,,,,,,0
509,1,"2026-04-03 21:18:50.345254",1858.75,100.0,38.4313725490196,12.5490196078431,,,,,,,,0
510,1,"2026-04-03 21:18:51.079437",1833.25,99.0,0.0,12.5490196078431,,,,,,,,0
511,1,"2026-04-03 21:18:51.984987",1804.5,97.0,0.0,12.5490196078431,81.0,48.0,13.1,3.90625,,,,0
512,1,"2026-04-03 21:18:52.703326",1692.0,91.0,0.0,12.156862745098,,,,,,,,0
513,1,"2026-04-03 21:18:53.452042",1550.0,83.0,0.0,12.156862745098,,,,,,,,0
514,1,"2026-04-03 21:18:54.168315",1404.75,75.0,0.0,12.156862745098,,,,,,,,0
515,1,"2026-04-03 21:18:54.882886",1251.75,67.0,0.0,11.3725490196078,,,,,,,,0
516,1,"2026-04-03 21:18:55.644498",1092.75,58.0,0.0,11.7647058823529,,,,,,,,0
517,1,"2026-04-03 21:18:56.560292",1096.75,49.0,0.0,11.7647058823529,,,,,,,,0
518,1,"2026-04-03 21:18:57.315993",907.25,38.0,10.5882352941176,11.7647058823529,,,,,,,,0
519,1,"2026-04-03 21:18:58.071318",865.5,28.0,10.9803921568627,11.7647058823529,,,,,,,,0
520,1,"2026-04-03 21:18:58.812471",821.5,19.0,18.4313725490196,12.5490196078431,,,,,,,,0
521,1,"2026-04-03 21:18:59.706137",790.75,13.0,19.2156862745098,12.9411764705882,80.0,51.0,13.1,0.78125,,,,0
522,1,"2026-04-03 21:19:00.403632",787.0,6.0,20.0,12.9411764705882,,,,,,,,0
523,1,"2026-04-03 21:19:01.158613",797.75,2.0,19.6078431372549,12.9411764705882,,,,,,,,0
524,1,"2026-04-03 21:19:01.878310",818.0,0.0,18.4313725490196,12.9411764705882,,,,,,,,0
525,1,"2026-04-03 21:19:02.619656",814.0,0.0,18.8235294117647,12.9411764705882,,,,,,,,0
526,1,"2026-04-03 21:19:03.334279",808.25,0.0,18.8235294117647,12.9411764705882,,,,,,,,0
527,1,"2026-04-03 21:19:04.037493",838.5,0.0,16.4705882352941,11.7647058823529,,,,,,,,0
528,1,"2026-04-03 21:19:04.738312",816.25,0.0,17.2549019607843,12.156862745098,,,,,,,,0
529,1,"2026-04-03 21:19:05.456386",809.25,0.0,17.2549019607843,12.5490196078431,,,,,,,,0
530,1,"2026-04-03 21:19:06.211499",814.25,0.0,14.5098039215686,11.7647058823529,,,,,,,,0
531,1,"2026-04-03 21:19:07.152005",820.0,0.0,15.2941176470588,11.7647058823529,81.0,52.0,13.1,-1.5625,,,,0
532,1,"2026-04-03 21:19:07.906853",829.0,0.0,14.1176470588235,12.156862745098,,,,,,,,0
533,1,"2026-04-03 21:19:08.638175",829.75,0.0,13.3333333333333,12.156862745098,,,,,,,,0
534,1,"2026-04-03 21:19:09.404125",820.25,0.0,14.9019607843137,12.156862745098,,,,,,,,0
535,1,"2026-04-03 21:19:10.128438",824.25,0.0,13.7254901960784,12.156862745098,,,,,,,,0
536,1,"2026-04-03 21:19:10.866178",820.5,0.0,14.1176470588235,12.5490196078431,,,,,,,,0
537,1,"2026-04-03 21:19:11.606822",814.5,0.0,14.9019607843137,12.5490196078431,,,,,,,,0
538,1,"2026-04-03 21:19:12.339969",813.25,0.0,14.1176470588235,12.5490196078431,,,,,,,,0
539,1,"2026-04-03 21:19:13.069913",808.5,0.0,14.9019607843137,12.5490196078431,,,,,,,,0
540,1,"2026-04-03 21:19:13.805380",821.75,0.0,13.3333333333333,12.5490196078431,,,,,,,,0
541,1,"2026-04-03 21:19:14.840819",817.25,0.0,14.5098039215686,12.9411764705882,81.0,54.0,13.2,-0.78125,,52.5490196078431,0.0,0
542,1,"2026-04-03 21:19:15.564827",804.75,0.0,14.9019607843137,12.156862745098,,,,,,,,0
543,1,"2026-04-03 21:19:16.302667",807.5,0.0,14.9019607843137,12.156862745098,,,,,,,,0
544,1,"2026-04-03 21:19:17.008878",807.75,0.0,14.5098039215686,12.156862745098,,,,,,,,0
545,1,"2026-04-03 21:19:17.738843",817.0,0.0,13.3333333333333,12.156862745098,,,,,,,,0
546,1,"2026-04-03 21:19:18.505986",805.0,0.0,14.9019607843137,12.5490196078431,,,,,,,,0
547,1,"2026-04-03 21:19:19.219774",822.5,0.0,13.3333333333333,12.156862745098,,,,,,,,0
548,1,"2026-04-03 21:19:19.935632",808.75,0.0,14.1176470588235,12.156862745098,,,,,,,,0
549,1,"2026-04-03 21:19:20.713527",809.0,0.0,14.9019607843137,12.156862745098,,,,,,,,0
550,1,"2026-04-03 21:19:21.520223",802.0,0.0,15.6862745098039,12.156862745098,,,,,,,,0
551,1,"2026-04-03 21:19:22.415951",801.5,0.0,15.2941176470588,12.156862745098,80.0,55.0,13.1,-1.5625,,,,0
552,1,"2026-04-03 21:19:23.128552",816.25,0.0,14.1176470588235,11.7647058823529,,,,,,,,0
553,1,"2026-04-03 21:19:23.853361",804.0,0.0,16.078431372549,11.3725490196078,,,,,,,,0
554,1,"2026-04-03 21:19:24.590563",789.0,0.0,18.0392156862745,12.156862745098,,,,,,,,0
555,1,"2026-04-03 21:19:25.318475",795.0,0.0,16.8627450980392,12.156862745098,,,,,,,,0
556,1,"2026-04-03 21:19:26.051757",792.75,0.0,17.2549019607843,12.5490196078431,,,,,,,,0
557,1,"2026-04-03 21:19:26.823410",789.5,0.0,17.6470588235294,12.5490196078431,,,,,,,,0
558,1,"2026-04-03 21:19:27.548725",784.5,0.0,17.6470588235294,12.5490196078431,,,,,,,,0
559,1,"2026-04-03 21:19:28.303769",797.0,0.0,16.078431372549,12.5490196078431,,,,,,,,0
560,1,"2026-04-03 21:19:29.047671",805.25,0.0,16.078431372549,12.5490196078431,,,,,,,,0
561,1,"2026-04-03 21:19:29.954789",804.75,0.0,15.2941176470588,12.5490196078431,81.0,55.0,13.1,-0.78125,,,,0
562,1,"2026-04-03 21:19:30.681797",792.5,0.0,17.2549019607843,12.9411764705882,,,,,,,,0
563,1,"2026-04-03 21:19:31.415829",798.25,0.0,17.2549019607843,12.9411764705882,,,,,,,,0
564,1,"2026-04-03 21:19:32.162876",802.0,0.0,15.6862745098039,12.5490196078431,,,,,,,,0
565,1,"2026-04-03 21:19:32.908929",808.5,0.0,15.6862745098039,12.156862745098,,,,,,,,0
566,1,"2026-04-03 21:19:33.648656",820.75,0.0,14.1176470588235,12.5490196078431,,,,,,,,0
567,1,"2026-04-03 21:19:34.389178",819.0,0.0,14.5098039215686,12.5490196078431,,,,,,,,0
568,1,"2026-04-03 21:19:35.265262",809.0,0.0,15.6862745098039,12.5490196078431,,,,,,,,0
569,1,"2026-04-03 21:19:35.969627",817.75,0.0,14.5098039215686,12.156862745098,,,,,,,,0
570,1,"2026-04-03 21:19:36.766254",806.0,0.0,15.6862745098039,12.156862745098,,,,,,,,0
571,1,"2026-04-03 21:19:37.708686",814.0,0.0,14.9019607843137,12.156862745098,81.0,56.0,12.9,-0.78125,,,,0
572,1,"2026-04-03 21:19:38.454956",805.75,0.0,16.078431372549,12.9411764705882,,,,,,,,0
573,1,"2026-04-03 21:19:39.253256",802.75,0.0,16.4705882352941,12.5490196078431,,,,,,,,0
574,1,"2026-04-03 21:19:40.048197",802.5,0.0,16.078431372549,12.5490196078431,,,,,,,,0
575,1,"2026-04-03 21:19:40.819077",801.5,0.0,15.6862745098039,12.5490196078431,,,,,,,,0
576,1,"2026-04-03 21:19:41.563829",820.5,0.0,15.2941176470588,12.156862745098,,,,,,,,0
577,1,"2026-04-03 21:19:42.294244",809.75,0.0,15.6862745098039,12.5490196078431,,,,,,,,0
578,1,"2026-04-03 21:19:43.048033",803.75,0.0,16.078431372549,12.5490196078431,,,,,,,,0
579,1,"2026-04-03 21:19:43.763076",785.25,0.0,19.2156862745098,12.5490196078431,,,,,,,,0
580,1,"2026-04-03 21:19:44.462291",788.25,0.0,18.8235294117647,12.5490196078431,,,,,,,,0
581,1,"2026-04-03 21:19:45.372323",796.5,0.0,17.6470588235294,12.5490196078431,81.0,57.0,13.2,0.0,,,,0
582,1,"2026-04-03 21:19:46.118046",803.75,0.0,17.2549019607843,12.5490196078431,,,,,,,,0
583,1,"2026-04-03 21:19:46.858623",797.75,0.0,17.2549019607843,12.5490196078431,,,,,,,,0
584,1,"2026-04-03 21:19:47.589994",798.75,0.0,16.8627450980392,12.9411764705882,,,,,,,,0
585,1,"2026-04-03 21:19:48.343550",806.0,0.0,16.8627450980392,12.9411764705882,,,,,,,,0
586,1,"2026-04-03 21:19:49.117768",798.25,0.0,18.4313725490196,13.3333333333333,,,,,,,,0
587,1,"2026-04-03 21:19:49.872927",808.0,0.0,17.2549019607843,12.5490196078431,,,,,,,,0
588,1,"2026-04-03 21:19:50.629534",792.75,0.0,17.2549019607843,12.5490196078431,,,,,,,,0
589,1,"2026-04-03 21:19:51.385001",797.25,0.0,17.6470588235294,12.5490196078431,,,,,,,,0
590,1,"2026-04-03 21:19:52.098780",807.0,0.0,16.078431372549,12.5490196078431,,,,,,,,0
591,1,"2026-04-03 21:19:53.064897",811.0,0.0,15.6862745098039,12.5490196078431,81.0,57.0,13.2,-0.78125,,,,0
592,1,"2026-04-03 21:19:53.816878",804.25,0.0,15.2941176470588,12.5490196078431,,,,,,,,0
593,1,"2026-04-03 21:19:54.564803",805.75,0.0,15.2941176470588,12.5490196078431,,,,,,,,0
594,1,"2026-04-03 21:19:55.308730",808.25,0.0,16.078431372549,12.5490196078431,,,,,,,,0
595,1,"2026-04-03 21:19:56.040023",802.0,0.0,16.078431372549,12.5490196078431,,,,,,,,0
596,1,"2026-04-03 21:19:56.786493",809.25,0.0,15.6862745098039,12.156862745098,,,,,,,,0
597,1,"2026-04-03 21:19:57.508855",815.75,0.0,14.5098039215686,12.156862745098,,,,,,,,0
598,1,"2026-04-03 21:19:58.264357",800.75,0.0,15.6862745098039,12.156862745098,,,,,,,,0
599,1,"2026-04-03 21:19:59.000353",792.75,0.0,17.6470588235294,12.5490196078431,,,,,,,,0
600,1,"2026-04-03 21:19:59.719836",783.5,0.0,18.0392156862745,11.7647058823529,,,,,,,,0
601,1,"2026-04-03 21:20:00.726589",793.5,0.0,17.2549019607843,12.5490196078431,81.0,58.0,13.1,-0.78125,,52.5490196078431,0.0,0
602,1,"2026-04-03 21:20:01.433073",812.5,0.0,14.5098039215686,12.5490196078431,,,,,,,,0
603,1,"2026-04-03 21:20:02.143186",806.75,0.0,16.078431372549,12.5490196078431,,,,,,,,0
604,1,"2026-04-03 21:20:02.868649",795.0,0.0,16.078431372549,12.5490196078431,,,,,,,,0
605,1,"2026-04-03 21:20:03.616734",799.75,0.0,16.078431372549,12.5490196078431,,,,,,,,0
606,1,"2026-04-03 21:20:04.331068",792.25,0.0,16.078431372549,12.5490196078431,,,,,,,,0
607,1,"2026-04-03 21:20:05.038544",799.25,0.0,16.078431372549,12.156862745098,,,,,,,,0
608,1,"2026-04-03 21:20:05.779954",807.75,0.0,14.5098039215686,12.156862745098,,,,,,,,0
609,1,"2026-04-03 21:20:06.508933",799.0,0.0,15.2941176470588,12.156862745098,,,,,,,,0
610,1,"2026-04-03 21:20:07.230544",801.0,0.0,15.2941176470588,12.156862745098,,,,,,,,0
611,1,"2026-04-03 21:20:08.184488",800.25,0.0,15.2941176470588,12.156862745098,81.0,58.0,13.1,-0.78125,,,,0
612,1,"2026-04-03 21:20:08.930552",802.25,0.0,14.9019607843137,12.156862745098,,,,,,,,0
613,1,"2026-04-03 21:20:09.688515",807.25,0.0,14.1176470588235,11.7647058823529,,,,,,,,0
614,1,"2026-04-03 21:20:10.426636",817.0,0.0,12.9411764705882,12.156862745098,,,,,,,,0
615,1,"2026-04-03 21:20:11.152698",821.25,0.0,13.3333333333333,11.7647058823529,,,,,,,,0
616,1,"2026-04-03 21:20:11.904487",805.25,0.0,14.5098039215686,12.156862745098,,,,,,,,0
617,1,"2026-04-03 21:20:12.657700",808.25,0.0,14.5098039215686,11.7647058823529,,,,,,,,0
618,1,"2026-04-03 21:20:13.363376",796.75,0.0,15.6862745098039,12.5490196078431,,,,,,,,0
619,1,"2026-04-03 21:20:14.110426",799.25,0.0,15.6862745098039,12.5490196078431,,,,,,,,0
620,1,"2026-04-03 21:20:14.895141",794.75,0.0,14.9019607843137,12.5490196078431,,,,,,,,0
621,1,"2026-04-03 21:20:15.854402",783.0,0.0,17.6470588235294,12.9411764705882,81.0,58.0,13.3,0.0,,,,0
622,1,"2026-04-03 21:20:16.636551",789.25,0.0,16.4705882352941,12.156862745098,,,,,,,,0
623,1,"2026-04-03 21:20:17.379276",785.25,0.0,18.4313725490196,12.5490196078431,,,,,,,,0
624,1,"2026-04-03 21:20:18.121231",776.0,0.0,18.0392156862745,12.5490196078431,,,,,,,,0
625,1,"2026-04-03 21:20:18.877107",798.25,0.0,16.8627450980392,12.5490196078431,,,,,,,,0
626,1,"2026-04-03 21:20:19.636485",801.75,0.0,15.6862745098039,12.5490196078431,,,,,,,,0
627,1,"2026-04-03 21:20:20.372486",796.75,0.0,16.8627450980392,12.5490196078431,,,,,,,,0
628,1,"2026-04-03 21:20:21.122346",794.0,0.0,16.8627450980392,12.5490196078431,,,,,,,,0
629,1,"2026-04-03 21:20:21.869072",791.5,0.0,16.8627450980392,12.5490196078431,,,,,,,,0
630,1,"2026-04-03 21:20:22.615609",793.5,0.0,17.6470588235294,12.5490196078431,,,,,,,,0
631,1,"2026-04-03 21:20:23.488760",796.5,0.0,16.4705882352941,12.156862745098,81.0,59.0,13.0,-0.78125,,,,0
632,1,"2026-04-03 21:20:24.197545",793.75,0.0,16.078431372549,12.5490196078431,,,,,,,,0
633,1,"2026-04-03 21:20:24.928567",795.25,0.0,16.4705882352941,12.5490196078431,,,,,,,,0
634,1,"2026-04-03 21:20:25.687666",791.0,0.0,16.8627450980392,12.5490196078431,,,,,,,,0
635,1,"2026-04-03 21:20:26.392823",803.25,0.0,14.9019607843137,12.156862745098,,,,,,,,0
636,1,"2026-04-03 21:20:27.147133",803.0,0.0,15.6862745098039,12.5490196078431,,,,,,,,0
637,1,"2026-04-03 21:20:27.880250",799.75,0.0,16.4705882352941,12.5490196078431,,,,,,,,0
638,1,"2026-04-03 21:20:28.621469",786.25,0.0,17.6470588235294,12.5490196078431,,,,,,,,0
639,1,"2026-04-03 21:20:29.343224",771.5,0.0,18.8235294117647,12.5490196078431,,,,,,,,0
640,1,"2026-04-03 21:20:30.053791",785.25,0.0,18.4313725490196,12.5490196078431,,,,,,,,0
641,1,"2026-04-03 21:20:31.023195",777.75,0.0,17.2549019607843,12.9411764705882,81.0,59.0,13.2,0.0,,,,0
642,1,"2026-04-03 21:20:31.775500",798.75,0.0,16.8627450980392,12.156862745098,,,,,,,,0
643,1,"2026-04-03 21:20:32.542640",805.25,0.0,16.078431372549,12.156862745098,,,,,,,,0
644,1,"2026-04-03 21:20:33.282186",795.5,0.0,18.0392156862745,12.5490196078431,,,,,,,,0
645,1,"2026-04-03 21:20:34.044932",795.5,0.0,17.2549019607843,12.5490196078431,,,,,,,,0
646,1,"2026-04-03 21:20:34.763329",800.0,0.0,16.8627450980392,12.5490196078431,,,,,,,,0
647,1,"2026-04-03 21:20:35.498804",805.0,0.0,16.078431372549,12.5490196078431,,,,,,,,0
648,1,"2026-04-03 21:20:36.217358",801.5,0.0,16.4705882352941,12.5490196078431,,,,,,,,0
649,1,"2026-04-03 21:20:36.976575",804.5,0.0,15.6862745098039,12.5490196078431,,,,,,,,0
650,1,"2026-04-03 21:20:37.719863",800.75,0.0,16.4705882352941,12.5490196078431,,,,,,,,0
651,1,"2026-04-03 21:20:38.689991",808.75,0.0,15.2941176470588,12.5490196078431,80.0,59.0,13.0,0.0,,,,0
652,1,"2026-04-03 21:20:39.431369",804.5,0.0,16.078431372549,12.5490196078431,,,,,,,,0
653,1,"2026-04-03 21:20:40.172601",803.5,0.0,15.6862745098039,12.156862745098,,,,,,,,0
654,1,"2026-04-03 21:20:40.936991",808.25,0.0,15.6862745098039,12.5490196078431,,,,,,,,0
655,1,"2026-04-03 21:20:41.680435",808.75,0.0,15.2941176470588,12.5490196078431,,,,,,,,0
656,1,"2026-04-03 21:20:42.418319",805.25,0.0,16.078431372549,12.5490196078431,,,,,,,,0
657,1,"2026-04-03 21:20:43.169257",803.75,0.0,15.6862745098039,12.5490196078431,,,,,,,,0
658,1,"2026-04-03 21:20:43.937872",804.25,0.0,16.078431372549,12.5490196078431,,,,,,,,0
659,1,"2026-04-03 21:20:44.706826",803.25,0.0,15.6862745098039,12.5490196078431,,,,,,,,0
660,1,"2026-04-03 21:20:45.460248",801.75,0.0,15.6862745098039,12.5490196078431,,,,,,,,0
661,1,"2026-04-03 21:20:46.534900",789.0,0.0,17.6470588235294,12.5490196078431,80.0,60.0,13.0,0.0,,50.5882352941176,0.0,0
662,1,"2026-04-03 21:20:47.278241",802.5,0.0,15.6862745098039,12.5490196078431,,,,,,,,0
663,1,"2026-04-03 21:20:48.020916",803.75,0.0,18.0392156862745,13.7254901960784,,,,,,,,0
664,1,"2026-04-03 21:20:48.779925",819.25,2.0,23.5294117647059,18.4313725490196,,,,,,,,0
665,1,"2026-04-03 21:20:49.536332",1245.0,6.0,33.3333333333333,20.7843137254902,,,,,,,,0
666,1,"2026-04-03 21:20:50.261219",1580.5,11.0,38.0392156862745,22.3529411764706,,,,,,,,0
667,1,"2026-04-03 21:20:51.045043",1530.75,14.0,43.1372549019608,25.8823529411765,,,,,,,,0
668,1,"2026-04-03 21:20:51.800866",1644.25,18.0,41.5686274509804,25.0980392156863,,,,,,,,0
669,1,"2026-04-03 21:20:52.541036",1750.25,21.0,42.3529411764706,25.0980392156863,,,,,,,,0
670,1,"2026-04-03 21:20:53.370489",1798.5,25.0,44.3137254901961,26.2745098039216,,,,,,,,0
671,1,"2026-04-03 21:20:54.284401",1927.75,28.0,45.0980392156863,27.4509803921569,79.0,58.0,13.2,3.90625,,,,0
672,1,"2026-04-03 21:20:55.036522",2182.25,32.0,44.7058823529412,39.6078431372549,,,,,,,,0
673,1,"2026-04-03 21:20:55.782391",1730.0,35.0,50.9803921568627,34.1176470588235,,,,,,,,0
674,1,"2026-04-03 21:20:56.545642",1747.5,38.0,50.9803921568627,85.8823529411765,,,,,,,,0
675,1,"2026-04-03 21:20:57.362385",1757.75,41.0,59.6078431372549,85.8823529411765,,,,,,,,0
676,1,"2026-04-03 21:20:58.131083",1925.5,45.0,72.156862745098,85.8823529411765,,,,,,,,0
677,1,"2026-04-03 21:20:58.908263",2103.25,49.0,78.0392156862745,85.8823529411765,,,,,,,,0
678,1,"2026-04-03 21:20:59.671994",1720.0,52.0,70.5882352941177,85.8823529411765,,,,,,,,0
679,1,"2026-04-03 21:21:00.454139",1724.0,55.0,69.8039215686274,85.8823529411765,,,,,,,,0
680,1,"2026-04-03 21:21:01.184826",1789.25,57.0,75.6862745098039,85.8823529411765,,,,,,,,0
681,1,"2026-04-03 21:21:02.172382",1879.75,60.0,76.078431372549,85.8823529411765,79.0,52.0,13.3,3.90625,,,,0
682,1,"2026-04-03 21:21:02.894490",2019.5,64.0,77.2549019607843,85.8823529411765,,,,,,,,0
683,1,"2026-04-03 21:21:03.613730",2111.0,67.0,71.3725490196078,85.8823529411765,,,,,,,,0
684,1,"2026-04-03 21:21:04.352887",1704.75,69.0,61.5686274509804,67.843137254902,,,,,,,,0
685,1,"2026-04-03 21:21:05.064839",1621.5,69.0,0.0,12.156862745098,,,,,,,,0
686,1,"2026-04-03 21:21:05.885415",1253.0,68.0,0.0,11.7647058823529,,,,,,,,0
687,1,"2026-04-03 21:21:06.635015",1238.5,67.0,0.0,11.7647058823529,,,,,,,,0
688,1,"2026-04-03 21:21:07.376364",1222.5,66.0,0.0,11.7647058823529,,,,,,,,0
689,1,"2026-04-03 21:21:08.117708",1201.75,65.0,0.0,11.7647058823529,,,,,,,,0
690,1,"2026-04-03 21:21:08.861779",1180.5,64.0,0.0,11.7647058823529,,,,,,,,0
691,1,"2026-04-03 21:21:09.790205",1164.25,63.0,0.0,11.7647058823529,82.0,52.0,13.1,-0.78125,,,,0
692,1,"2026-04-03 21:21:10.557774",1141.75,61.0,0.0,11.7647058823529,,,,,,,,0
693,1,"2026-04-03 21:21:11.312941",1296.25,60.0,0.0,12.156862745098,,,,,,,,0
694,1,"2026-04-03 21:21:12.017435",1376.25,59.0,0.0,12.5490196078431,,,,,,,,0
695,1,"2026-04-03 21:21:12.748829",1353.5,58.0,0.0,12.156862745098,,,,,,,,0
696,1,"2026-04-03 21:21:13.457998",1315.0,56.0,0.0,12.156862745098,,,,,,,,0
697,1,"2026-04-03 21:21:14.164911",1253.5,53.0,0.0,12.156862745098,,,,,,,,0
698,1,"2026-04-03 21:21:14.918044",1202.75,51.0,0.0,12.156862745098,,,,,,,,0
699,1,"2026-04-03 21:21:15.675006",1125.5,48.0,0.0,11.7647058823529,,,,,,,,0
700,1,"2026-04-03 21:21:16.468525",1179.75,42.0,0.0,11.7647058823529,,,,,,,,0
701,1,"2026-04-03 21:21:17.369168",1146.25,36.0,0.0,11.7647058823529,81.0,56.0,13.0,-3.125,,,,0
702,1,"2026-04-03 21:21:18.114547",1071.25,30.0,0.0,12.156862745098,,,,,,,,0
703,1,"2026-04-03 21:21:18.884040",1191.25,28.0,0.0,12.156862745098,,,,,,,,0
704,1,"2026-04-03 21:21:19.602774",1218.25,27.0,15.2941176470588,14.9019607843137,,,,,,,,0
705,1,"2026-04-03 21:21:20.336557",1227.75,28.0,34.5098039215686,18.8235294117647,,,,,,,,0
706,1,"2026-04-03 21:21:21.065027",1269.5,30.0,38.8235294117647,35.6862745098039,,,,,,,,0
707,1,"2026-04-03 21:21:21.780623",1356.75,32.0,43.1372549019608,45.4901960784314,,,,,,,,0
708,1,"2026-04-03 21:21:22.521291",1478.75,35.0,48.6274509803922,85.8823529411765,,,,,,,,0
709,1,"2026-04-03 21:21:23.280550",1606.0,38.0,46.2745098039216,40.7843137254902,,,,,,,,0
710,1,"2026-04-03 21:21:24.014771",1729.75,41.0,46.2745098039216,31.7647058823529,,,,,,,,0
711,1,"2026-04-03 21:21:24.941106",1409.0,43.0,47.843137254902,81.1764705882353,80.0,53.0,13.2,3.90625,,,,0
712,1,"2026-04-03 21:21:25.696304",1430.0,46.0,49.4117647058824,80.3921568627451,,,,,,,,0
713,1,"2026-04-03 21:21:26.452391",1496.0,48.0,52.156862745098,85.8823529411765,,,,,,,,0
714,1,"2026-04-03 21:21:27.211220",1558.75,50.0,47.843137254902,25.4901960784314,,,,,,,,0
715,1,"2026-04-03 21:21:27.969076",1607.25,51.0,41.9607843137255,19.2156862745098,,,,,,,,0
716,1,"2026-04-03 21:21:28.693458",1623.0,52.0,0.0,12.5490196078431,,,,,,,,0
717,1,"2026-04-03 21:21:29.438239",1613.5,51.0,0.0,12.5490196078431,,,,,,,,0
718,1,"2026-04-03 21:21:30.203096",1579.0,50.0,0.0,12.5490196078431,,,,,,,,0
719,1,"2026-04-03 21:21:30.939424",1549.75,49.0,0.0,12.5490196078431,,,,,,,,0
720,1,"2026-04-03 21:21:32.010529",1505.25,48.0,5.09803921568627,12.5490196078431,,,,,,,,0
721,1,"2026-04-03 21:21:33.126193",1487.25,47.0,6.27450980392157,12.156862745098,78.0,52.0,13.3,3.90625,,50.5882352941176,0.0,0
722,1,"2026-04-03 21:21:33.878156",1461.75,46.0,0.0,12.156862745098,,,,,,,,0
723,1,"2026-04-03 21:21:34.608011",1434.75,46.0,0.0,12.156862745098,,,,,,,,0
724,1,"2026-04-03 21:21:35.324918",1413.75,45.0,0.0,12.156862745098,,,,,,,,0
725,1,"2026-04-03 21:21:36.123102",1370.25,44.0,0.0,12.156862745098,,,,,,,,0
726,1,"2026-04-03 21:21:36.891132",1276.5,40.0,0.0,12.156862745098,,,,,,,,0
727,1,"2026-04-03 21:21:37.638846",1148.25,36.0,0.0,11.3725490196078,,,,,,,,0
728,1,"2026-04-03 21:21:38.373179",1082.25,32.0,0.0,11.7647058823529,,,,,,,,0
729,1,"2026-04-03 21:21:39.083171",1215.75,28.0,0.0,12.156862745098,,,,,,,,0
730,1,"2026-04-03 21:21:39.840187",1181.25,27.0,10.5882352941176,13.3333333333333,,,,,,,,0
731,1,"2026-04-03 21:21:40.786443",1251.75,27.0,17.2549019607843,15.2941176470588,78.0,55.0,13.3,3.90625,,,,0
732,1,"2026-04-03 21:21:41.527257",1538.5,28.0,38.4313725490196,21.1764705882353,,,,,,,,0
733,1,"2026-04-03 21:21:42.303845",1324.25,30.0,41.9607843137255,21.5686274509804,,,,,,,,0
734,1,"2026-04-03 21:21:43.051903",1332.0,31.0,41.9607843137255,29.8039215686275,,,,,,,,0
735,1,"2026-04-03 21:21:43.797766",1406.0,33.0,39.2156862745098,16.8627450980392,,,,,,,,0
736,1,"2026-04-03 21:21:44.569759",1405.75,33.0,0.0,12.156862745098,,,,,,,,0
737,1,"2026-04-03 21:21:45.281972",1375.75,32.0,0.0,12.156862745098,,,,,,,,0
738,1,"2026-04-03 21:21:46.020592",1323.25,31.0,7.84313725490196,12.156862745098,,,,,,,,0
739,1,"2026-04-03 21:21:46.760160",1297.5,30.0,14.5098039215686,13.7254901960784,,,,,,,,0
740,1,"2026-04-03 21:21:47.533047",1268.25,30.0,19.6078431372549,14.5098039215686,,,,,,,,0
741,1,"2026-04-03 21:21:48.481616",1278.0,30.0,20.7843137254902,14.5098039215686,78.0,54.0,13.4,3.125,,,,0
742,1,"2026-04-03 21:21:49.264165",1266.75,30.0,0.0,12.5490196078431,,,,,,,,0
743,1,"2026-04-03 21:21:50.038354",1211.25,29.0,0.0,11.7647058823529,,,,,,,,0
744,1,"2026-04-03 21:21:50.778630",1170.75,27.0,0.0,11.7647058823529,,,,,,,,0
745,1,"2026-04-03 21:21:51.499199",951.5,26.0,0.0,11.7647058823529,,,,,,,,0
746,1,"2026-04-03 21:21:52.237229",895.25,25.0,11.3725490196078,11.7647058823529,,,,,,,,0
747,1,"2026-04-03 21:21:52.995060",1053.75,24.0,17.2549019607843,14.5098039215686,,,,,,,,0
748,1,"2026-04-03 21:21:53.763216",1312.5,24.0,30.9803921568627,16.8627450980392,,,,,,,,0
749,1,"2026-04-03 21:21:54.476178",1414.0,26.0,31.3725490196078,17.6470588235294,,,,,,,,0
750,1,"2026-04-03 21:21:55.237322",1443.75,28.0,34.1176470588235,17.2549019607843,,,,,,,,0
751,1,"2026-04-03 21:21:56.119031",1469.75,30.0,32.156862745098,17.2549019607843,78.0,55.0,13.2,3.90625,,,,0
752,1,"2026-04-03 21:21:56.874220",1441.25,31.0,30.1960784313725,17.2549019607843,,,,,,,,0
753,1,"2026-04-03 21:21:57.603991",1380.75,32.0,0.0,11.7647058823529,,,,,,,,0
754,1,"2026-04-03 21:21:58.311549",1368.5,32.0,0.0,12.156862745098,,,,,,,,0
755,1,"2026-04-03 21:21:59.058729",1360.25,32.0,0.0,12.156862745098,,,,,,,,0
756,1,"2026-04-03 21:21:59.843081",1332.25,31.0,0.0,12.156862745098,,,,,,,,0
757,1,"2026-04-03 21:22:00.584233",1218.5,28.0,0.0,11.7647058823529,,,,,,,,0
758,1,"2026-04-03 21:22:01.288908",996.0,24.0,0.0,12.156862745098,,,,,,,,0
759,1,"2026-04-03 21:22:01.987710",865.25,18.0,15.6862745098039,13.7254901960784,,,,,,,,0
760,1,"2026-04-03 21:22:02.696345",878.0,14.0,20.0,13.3333333333333,,,,,,,,0
761,1,"2026-04-03 21:22:03.639862",868.25,14.0,20.0,13.3333333333333,78.0,55.0,13.3,0.0,,,,0
762,1,"2026-04-03 21:22:04.391966",873.5,14.0,19.6078431372549,13.3333333333333,,,,,,,,0
763,1,"2026-04-03 21:22:05.114936",847.25,12.0,21.5686274509804,13.7254901960784,,,,,,,,0
764,1,"2026-04-03 21:22:05.898068",868.75,9.0,21.1764705882353,13.7254901960784,,,,,,,,0
765,1,"2026-04-03 21:22:06.641617",869.0,2.0,21.9607843137255,13.7254901960784,,,,,,,,0
766,1,"2026-04-03 21:22:07.379087",894.5,0.0,20.0,13.3333333333333,,,,,,,,0
767,1,"2026-04-03 21:22:08.124571",873.5,0.0,21.1764705882353,13.3333333333333,,,,,,,,0
768,1,"2026-04-03 21:22:08.904317",905.75,0.0,12.9411764705882,12.5490196078431,,,,,,,,0
769,1,"2026-04-03 21:22:09.626711",843.5,0.0,12.9411764705882,12.156862745098,,,,,,,,0
770,1,"2026-04-03 21:22:10.351655",825.75,0.0,12.9411764705882,12.156862745098,,,,,,,,0
771,1,"2026-04-03 21:22:11.299090",815.25,0.0,13.3333333333333,12.156862745098,79.0,55.0,13.2,-0.78125,,,,0
772,1,"2026-04-03 21:22:12.106804",803.75,0.0,13.3333333333333,12.156862745098,,,,,,,,0
773,1,"2026-04-03 21:22:12.848866",802.25,0.0,13.7254901960784,12.156862745098,,,,,,,,0
774,1,"2026-04-03 21:22:13.583755",798.0,0.0,13.3333333333333,12.156862745098,,,,,,,,0
775,1,"2026-04-03 21:22:14.357985",802.25,0.0,13.3333333333333,12.156862745098,,,,,,,,0
776,1,"2026-04-03 21:22:15.111185",804.5,0.0,12.9411764705882,12.156862745098,,,,,,,,0
777,1,"2026-04-03 21:22:15.815934",803.75,0.0,12.9411764705882,12.156862745098,,,,,,,,0
778,1,"2026-04-03 21:22:16.528310",796.0,0.0,13.3333333333333,12.156862745098,,,,,,,,0
779,1,"2026-04-03 21:22:17.243944",796.0,0.0,13.7254901960784,12.156862745098,,,,,,,,0
780,1,"2026-04-03 21:22:17.973454",796.75,0.0,13.7254901960784,12.156862745098,,,,,,,,0
781,1,"2026-04-03 21:22:18.992200",796.0,0.0,14.1176470588235,12.156862745098,79.0,56.0,13.3,-1.5625,,50.5882352941176,0.0,0
782,1,"2026-04-03 21:22:19.763144",789.5,0.0,14.1176470588235,12.156862745098,,,,,,,,0
783,1,"2026-04-03 21:22:20.486566",782.25,0.0,14.5098039215686,12.156862745098,,,,,,,,0
784,1,"2026-04-03 21:22:21.209080",798.25,0.0,13.7254901960784,12.156862745098,,,,,,,,0
785,1,"2026-04-03 21:22:21.951876",802.75,0.0,14.1176470588235,12.156862745098,,,,,,,,0
786,1,"2026-04-03 21:22:22.676733",793.5,0.0,14.1176470588235,12.156862745098,,,,,,,,0
787,1,"2026-04-03 21:22:23.451671",800.0,0.0,14.1176470588235,12.156862745098,,,,,,,,0
788,1,"2026-04-03 21:22:24.244681",801.75,0.0,13.7254901960784,12.156862745098,,,,,,,,0
789,1,"2026-04-03 21:22:24.982257",801.75,0.0,13.7254901960784,12.156862745098,,,,,,,,0
